,interest_name,audience
6003266061909,Food,1416302920
6003299204611,Beverages,1005393390
6003409043877,Alcoholic beverages,626944320
6003436950375,Restaurants,859042310
6003659420716,Cooking,885097910
6003195797498,Cuisine,693741050
6003148544265,Wine,390980070
6003133978408,Chocolate,559124220
6003540542827,Water,620909870
6003626773307,Coffee,630066100
6003385609165,Recipes,565068470
6003125948045,Desserts,468828177
6003000774850,Eating,544324090
6003012461997,Beer,391805160
6003641846820,Veganism,381686400
6003120620858,Coffeehouses,484437450
6003668857118,Pizza,519362570
6004037400009,Fast food,524283106
6003305507369,Cake,331438340
6003134986700,Baking,419200542
6003156321008,Bars,345798543
6003529536463,Foodie,212804424
6003472596663,Culinary art,96376790
6002897751962,Kitchen,441410330
6003114870517,Fruit,459446130
6003146729229,Distilled beverage,240495000
6003108649035,Spanish cuisine,42003372
6003142100447,Pastry,158205120
6003155333705,Vegetarianism,244383981
6003508467842,Meat,377172430
6003322500097,Wine tasting,18123610
6003102988840,Latin American cuisine,49152780
6003349726605,Sugar,308614640
6003649084438,Gourmet,103631830
6003011899481,Milk,299732900
6003211063124,Meal,224860510
6003494675627,Indian cuisine,107649069
6003210597333,Apéritif and digestif,15222510
6003287974527,Confectionery,157733140
6003435096731,Barbecue,409300800
6003278094599,Ice cream,202057980
6003331549157,Vegetarian cuisine,50890690
6003258041942,Bread,248455450
6003281707010,Red Bull,84730350
6003491283786,Tea,464725470
6003102729234,Italian cuisine,172480978
6002931949762,Cocktail,107650930
6003265203542,Breakfast,228738890
6003717078560,Nestlé,162666400
6003271957771,Torta,20341920
6003469728603,Gin,61671630
6003353143251,Flour,162795160
6003142860247,Vegetable,306979870
6003185579408,Cheese,233426410
6003289497538,Pasta,129758180
6003322720909,Soybean,135510470
6003531402198,Snack food,219934630
6003392512725,Energy drinks,114712580
6003240742699,Seafood,317763322
6003047734385,Wine and food matching,3661154
6003209344533,Candy,188071770
6003132791339,Sandwich,158448570
6003325727945,Hamburger,189536710
6004443725572,Kawaii,78835090
6003089951815,McDonald's,208569060
6002868910910,Organic food,321203492
6003259680957,Winery,31592140
6002989257394,Lunch,214361100
6003381100005,Dog food,48800446
6004114259589,Birthday cake,22868140
6003703931713,Juice,263286320
6003391341144,Burger King,110618970
6002968497092,Tapas,14904270
6003394580331,RVs,62655410
6003290131943,Cake decorating,25797140
6003377669796,Japanese popular culture,70313810
6003148744949,Wheat,81726960
6002964239317,Mexican cuisine,120674120
6003473487087,Raw veganism,2752600
6003223928661,Mixed drink,12221660
6002936693259,Soft drinks,220367220
6003325725288,Mango,87411660
6003398056603,Fast casual restaurants,149739735
6003058745932,Apple,94941600
6002998123892,Japanese cuisine,159852130
6003201723413,Coffee bean,83788460
6003305801799,In-N-Out Burger,148737200
6003374311125,Sushi,117648160
6003116290826,Espresso,78155110
6003274176908,Mediterranean cuisine,33730390
6003243058188,Diners,138718412
6003326180406,Mezcal,9671020
6003648987038,Gluten,33464500
6003322051738,Dish (food),120424820
6003719844360,Protein bar,8118204
6003262467902,Brewing,69119870
6003049340956,Take-out,88910510
6003372667195,Fast food restaurants,199763223
6003382150737,Dinner,187830680
6003226516138,Rum,80273250
6003481765669,Essential oil,89056750
6003499531765,Gay bar,2127770
6003279133580,Grape,85964480
6003349752805,Banana,171130110
6003279132180,Granola,10146380
6002969371568,Cupcake,101580680
6003292124828,Whisky,83974770
6003109905192,Evening,19628460
6003649976890,Coffea,74830930
6003313500180,Butter,120045910
6003259204909,Local food,69863651
6005173031630,Yogurt,76797050
6003531191998,Brunch,26937450
6005492606658,White wine,9531159
6019251843690,Carnivor,53954190
6002956940450,Food festival,2030670
6003030029655,Chinese cuisine,179267120
6003223091676,Chocolate truffle,7513990
6003316190163,Gelatin,16054530
6004206444789,Cereal,115327130
6003290597769,Rice,184837320
6002966195446,Cookie,139125290
6003293999102,Icing (food),59144860
6003246631413,Pale lager,32314650
6003719026713,Nut (fruit),101216050
6003780190452,Natural foods,96753785
6003236350098,Orange (fruit),123162120
6003184482902,Olive oil,80395020
6003012654197,Dairy product,93616240
6003283765111,Ham,46413910
6003638600501,Heineken,36264950
6002964038517,International,141469790
6003064305615,Coca-Cola,111321600
6003285531511,French fries,104760440
6003244121001,Doughnut,61407850
6003716336707,Latte,60296120
6003417781439,Tequila,75899650
6003387075218,Paella,9078310
6003155247434,Edible mushroom,91325440
6003323322443,Bean,114272870
6003286826569,Baby bottle,34347457
6003249250757,Associated British Foods,4501490
6003157553608,Custom motorcycle,18713110
6003394243531,Maize,104238740
6002968797092,Sausage,63112690
6003106968233,Beef,125448260
6003343485089,Korean cuisine,120138250
6003420024431,French cuisine,104748310
6003712367146,Salt,95253610
6003971117548,Lemon,125916990
6003439417975,Heineken Premium Light,21073120
6003508195564,Gin and tonic,4683796
6003329791843,Coffee production,20145590
6003361987221,Diet food,65303717
6003492423480,Flatbread,27367160
6003435766363,Twist (dance),5496300
6003343994828,Malt,34978870
6003288000941,Vineyard,28755380
6003088431470,Salad,127218620
6004297828279,Red wine,12893613
6002998081644,Barbecue grill,40189490
6003342628536,Dough,69732240
6003276975799,Nescafé,62120390
6002997583182,Vermouth,2812490
6003325965709,Grilling,175964720
6003392747731,Cheesecake,48048650
6003403449818,Legume,67229420
6003382406744,Sherry,14402600
6003146880836,Monster Energy,25831050
6003372459579,Salsa (sauce),9579890
6003022929756,Mentha,29281020
6002962782646,Asado,17761830
6003403681200,Microbrewery,18511160
6003316220963,Tart,21715190
6003379890963,Liqueur,25656750
6003654962420,Honey,165012590
6002839056879,Avocado,62144850
6003511765664,Vodka,93021910
6003397388618,drink,49544
6004094205989,German cuisine,34236620
6003369251402,Nutella,45011810
6003326077109,Olive,44593600
6003329999577,Chocolate cake,38001612
6003357436441,Oreo,74423830
6002988882920,The Bar,1194320
6003145957236,Steak,82973870
6003188096235,Bass (fish),2864210
6003293328579,Living room,101410210
6003148779436,Food truck,45745660
6003396826223,Turnip,0
6003326098406,Ice,61831300
6003224062672,Taco,73575770
6003342369987,Carp fishing,1774820
6003704126313,Baby food,24728243
6004160585695,Smoothie,51706620
6003297442330,Fruit preserves,73024660
6003339478656,Bamboo,67349110
6003429315669,Cranberry juice,11579030
6003283801502,Thai cuisine,67177678
6003461073764,Bacardi,7730240
6003066071470,Cappuccino,54922820
6003549461398,Magnum (ice cream),17589880
6003396635837,KFC,138843850
6003285599343,Poultry,55105810
6003472561087,Tomato,74934150
6002839050079,Potato,123155120
6003346311730,Vietnamese cuisine,56966020
6003203153176,Mojito,14732640
6002943416046,Shortening,21107210
6002884645822,Wedding cake,43535101
6003243365367,Muskmelon,10918670
6003146969036,Groupe Danone,10738550
6003344574028,Wonder,12791530
6003306415421,Greek cuisine,37063410
6003107610629,Street food,105168190
6003072011182,Krispy Kreme,14735960
6003407338335,Ginger,65318300
6003395157147,spicy food,62870780
6003272376810,Food industry,74435910
6003382215781,Sparkling wine,48061470
6003125863388,Raw foodism,7467650
6003200340482,Middle Eastern cuisine,33447615
6003069574715,PepsiCo,40560240
6003377732777,Caffeine,48199380
6003386832512,Macaron,10854170
6003051883045,Flat white,29033640
6003059496932,Herb,163158860
6003402855039,Oil,96193220
6004158042095,Gelato,18157110
6003333748351,Coffee roasting,7506353
6003005201892,Nachos,11618780
6003029412207,Wedding reception,36797545
6003069975315,Ice cream parlor,16577650
6003188208001,Lollipop,17695000
6003120646134,Coconut,100716450
6002943340646,Sauce,109275620
6003381650874,Corona (beer),82714410
6003119249658,Onion,97984490
6002963547646,Domino's Pizza,56539080
6003198322265,Pepsi,52186940
6003375222181,Champagne,23820400
6003127976124,Peruvian cuisine,31959640
6004161961827,Chinese culture,91235720
6003382727763,Mozzarella,29432060
6003709831116,Berry,49649900
6003597236673,Menu,18248920
6003182049952,Popsicle,3834270
6003210554230,Ale,9379820
6003177401649,Barley,27816440
6003235056167,Crêpe,49012390
6003378820204,Dulce de leche,9840990
6003252826699,Smoking (cooking),25027210
6002911454172,Papa John's Pizza,19618410
6004177555295,Hendrick's Gin,2262257
6002923615921,Pie,65095790
6003398192889,Martini (cocktail),2214580
6003089639015,Biscuit,70448630
6003029703455,Specialty coffee,15003736
6002975177459,Caramel,49056810
6003174128015,Grocery store,122979470
6003208054847,Pancake,54055330
6003292652611,Bistro,51278530
6003372630995,Moët & Chandon,4421960
6003255567688,Cocoa bean,35725720
6003226588938,Pâtisserie,31125270
6003545320103,Fragaria,30730840
6003219311958,Cream,103405970
6003383387177,Dessert wine,10964010
6003133619014,Scotch whisky,25293280
6003304555999,Final good,72041330
6003252031486,Scoutcraft,5658470
6003106645378,Gift shop,25021401
6003374184925,Burrito,18172800
6003132944214,Gel,88830690
6003290862311,Pistachio,16899000
6003430382370,Delicatessen,10918860
6003157371830,Clover,16684170
6003374509781,Kebab,52328820
6003328210980,Canapé,3243970
6003012156597,Cantina,25960290
6003513705337,Cherry blossom,35468100
6003655276678,Kiwifruit,13659730
6003257325686,Buffet,77444520
6003391657943,Incredible India,9918110
6003552420395,Lay's,9383150
6003644793638,Yum! Brands,63288500
6003301842028,Brioche,5706510
6003310753508,martini,761650
6003476756256,Hors d'oeuvre,25596370
6003173382014,Steakhouse,28071620
6003154019949,Salt (chemistry),28070670
6003061617128,Pork,90052370
6003023250556,Cider,17548350
6003209146176,Mass production,107988210
6003130781036,Spanish wine,3693170
6002984425520,Hops,7140380
6003407298735,Pale ale,2413840
6003051172216,Non-alcoholic beverage,29134680
6003240944776,Ribs (food),12737840
6003716731307,Roasting,65167290
6003178081566,Cassava,19634410
6003856272360,Raisin,39001700
6003278978380,Single malt whisky,4281650
6003213899933,costa,1107210
6003456578144,Prosecco,9239310
6003446581680,Bombay Sapphire,2136355
6003252229111,Soup,104045430
6003174235455,Drinking water,53095430
6003192948766,Kit Kat,22687790
6003350030127,Big Mac,28099720
6003348680381,Garlic,90854480
6002868278822,Chili pepper,103119850
6003096716416,Gazpacho,1128800
6003579275918,Bacon,51526760
6003398541003,Cheeseburger,20891749
6002926053162,Sashimi,18459620
6003252403167,Subway (restaurant),64476000
6003063290081,Rockstar (drink),10573110
6003396982135,Oat,16730980
6006874774496,Vegetable oil,26756570
6003206483286,Milkshake,43812930
6003091416670,Tic Tac,5544570
6003681037890,Wafer,5487910
6003464096003,Carp,4221950
6003682410690,Argania,11097920
6003198259801,M&M's,27274010
6003780109252,Bourbon whiskey,21972790
6003290616841,Coffeemaker,19114900
6003169632036,Drinking,31053950
6003401844364,Ben & Jerry's,9293780
6003044614245,Curry,52348310
6003355520832,Egg (food),84066620
6003443983731,Tuna,32474420
6003674086262,Carrot,54807470
6003379479337,Sesame,31155700
6003398306603,Almond,62634450
6003451346071,Cerveza,619552
6002960316720,Chorizo,16952370
6003409361877,Cherry,36102290
6003273088108,Chocolate brownie,39169120
6003103621717,Jack Daniel's,26103040
6003537453063,India Pale Ale,4129990
6003108711435,Pineapple,63602840
6003583347473,Hummus,10289090
6003496319280,Pincho,2508230
6004144273609,Empanada,17193750
6003117735068,Matcha,25868580
6003312965359,Ground meat,24686510
6003142329790,Chicha,8067400
6003273123243,Salmon,45275280
6003701876691,Cheddar cheese,30824980
6003114427300,Mushroom,60556690
6003198705401,Lentil,7636070
6003421539206,Acorn,6176670
6003301915421,T.G.I. Friday's,7407630
6003657492838,Waffle,36319170
6003362102460,Adansonia,0
6003397678147,Wendy's,40448550
6003019452529,Buttercream,10232650
6002990070723,Chicken (food),144379690
6003276627151,Tiki bar,2086600
6004121108389,Sprinkles,55385750
6003143215961,Apple juice,14586030
6003146140826,Maple,10816340
6003217187476,rose wine,3857490
6003012392397,Guacamole,9468010
6003280951243,Hot dog,37523130
6003399693543,White Castle (restaurant),17771460
6002898253762,Theobroma cacao,14494550
6003284040369,Bonito,21854060
6003118015934,Sink,74170640
6003116291226,Starch,26696800
6003420087231,Chipotle Mexican Grill,23492760
6003198895001,Sorghum,4697500
6003525963170,Corn tortilla,17666300
6004126787506,Carne,6600
6003102718434,Chardonnay,5229860
6003121610934,Caffè Americano,7112317
6003286448369,Popcorn,46957340
6002971652194,Noodle,96269590
6003098038715,Chaff,3890740
6003546597227,Guinness,11634790
6002867925910,Papaya,39405120
6003971379696,Jägermeister,5571920
6003113867992,Commercial fishing,8855600
6002964580317,Coffee Time,4128460
6003587328273,Spaghetti,26977170
6016421621843,Savoriness,11595240
6003174498414,Baking powder,15407480
6003274414371,Mayonnaise,24075260
6003303473060,Pringles,9795880
6003258270101,Llama,13185450
6002969863929,Infant formula,25635475
6003149051436,Churro,12520090
6003143587640,Digitalis,19145900
6003128232376,Strawberry,79714290
6003388238805,Ramen,27565350
6003393593683,Caviar,15626440
6003126294549,Potato chip,31013240
6003494525227,Charcuterie,7064840
6003568943518,Juniper,6104330
6003971029296,Bun,27437710
6003444800471,Bonbon,20054990
6003193258966,Soy sauce,30152940
6003353344432,Independence Day (United States),56401960
6003385665743,Smoked meat,5618110
6003309497853,Absolut Vodka,8633050
6003305676221,Sugarcane,20754580
6003453783403,Palmier,10033300
6003433899943,Aperol,2962980
6003202314813,Quince,3849770
6003227021938,Black pepper,43754400
6003593745887,Tandoor,6567910
6003179256614,Frozen yogurt,5981690
6003224369034,Ranch,43513290
6003420121712,Peach,67060970
6003316920363,Sponge cake,6863050
6004181311495,Spam (food),3751720
6002926079321,Countertop,42188930
6003223000676,Shellfish,20846010
6003184482284,Vanilla,75659420
6003540050027,Tanqueray,2331990
6003089538792,Ruffles,10140620
6003381931218,Peanut,50770180
6003372973375,Capsicum,20697720
6003374983581,Omelette,13470510
6014880631009,Švyturys,12420720
6003351967800,Pickled cucumber,16899670
6003386900912,Entrée,5654940
6003287467200,Spinach,17284030
6003704167913,Hot chocolate,10631560
6003870657760,Ferrero Rocher,7316550
6003480741064,Patty,8669500
6003375485477,Malt whisky,1621610
6003072110293,Mountain hut,4374780
6003352481319,Sangria,5433860
6003099475416,Haute cuisine,1427300
6003584747438,Churrasco,13062890
6003051641556,Animal print,4023120
6003320077418,Trattoria,9647590
6003358593004,Custard,24671160
6003760373113,Sourdough,5831590
6003227099899,Milka,8177460
6003029570185,Lettuce,26289090
6003450273042,Mug,31987750
6003375382181,Spritz (alcoholic beverage),5046010
6015454578907,Picanha,7087480
6003106877390,Siesta,1899740
6003175129849,Halal,80038970
6003325534336,Vitis vinifera,26582320
6003432713970,Ketchup,19442990
6002899966562,Mousse,21923020
6003218970958,Margarita,4973430
6003326444336,Juniper berry,1333850
6003257173486,Aquarius,327790
6003306141908,Animal product,4790970
6003287034297,Hazelnut,11613420
6003543480995,Lime (fruit),26693860
6003241958011,Apple pie,5877700
6002959056520,Flax,10352470
6003221337067,Pinot noir,3947400
6003107615435,Bubble tea,26449630
6003162363178,Ceviche,10776720
6003537575473,Quinoa,8824460
6003146248626,Litre,79091070
6003137828976,Fresca,1480100
6004418542366,Lasagne,15413290
6003257280969,Kale,12346260
6003159920608,Red velvet cake,9683280
6003108751872,Infusion,10044560
6003709680153,Tropicana,5335440
6003336950256,Rosemary,9467540
6003368851175,Angelica,5622530
6003327174454,Tex-Mex,4429360
6003530511863,White chocolate,9971100
6003258120082,Nerds (candy),26204430
6003374633674,Muffin,20709480
6003352732919,E & J Gallo Winery,7379050
6002925770121,Risotto,6154730
6003304632708,Porridge,15070850
6003263292593,Toast,24710790
6003491790586,Jameson Irish Whiskey,5618300
6003059838332,Barbecue sauce,7481070
6002990502459,Croissant,10166720
6003322501097,Broccoli,14612700
6003445970883,Mustard (condiment),22832170
6003010064419,Coriander,23338910
6003276833410,Cookware and bakeware,49895470
6003370699602,Taco Bell,15005010
6003661475718,Margarine,14504830
6003290343725,Cucumber,30661470
6003166506630,Tiramisu,10754100
6003530963263,Lamb and mutton,12098910
6003141088984,Fuel oil,4493290
6003142790061,Red meat,6771600
6003280364725,Patrón Tequila,8568120
6003638600901,Jose Cuervo,3384380
6007660359222,Global cuisine,20369070
6003142198566,Chewing gum,26051110
6003415251991,Frozen food,28706390
6003358674204,Malibu Rum,1707270
6003339210196,Calendula,3556350
6003331479294,Pumpkin,26817050
6003129600117,Chiquita Banana,2642920
6002929271973,San Pellegrino,2346730
6003423543991,Anheuser-Busch InBev,13122700
6003650493513,Exhaust system,17873000
6003192108272,Glycerol,8824160
6003251852793,Yorkie,917060
6002959290720,Asian cuisine,11855890
6003444791871,Yeast,17138070
6003175600814,Molasses,3792990
6003236234049,Sugar cookie,1019600
6003180807333,Royal icing,925610
6002868778710,Big Apple,1353600
6003116915826,Tomato sauce,11211790
6003344096727,Amaretto,1670780
6003719831713,Small appliance,10462970
6003398722527,Vinegar,35632210
6003133319814,Carbonated water,15779520
6003269035902,Grenache,8418570
6003207885738,Wasabi,8779550
6003157813084,Ounce,5989620
6002889101422,Doner kebab,14088040
6003736323691,Brisket,6045130
6003352455200,Junk food,5733750
6003316211163,Pizza Hut,73484060
6003141984240,Brandy,8702510
6003280220359,Réveillon,11423220
6003349594005,Fender Jazz Bass,985610
6003784912878,Meringue,22093730
6004176059095,Ozone,17469250
6003359553204,Peanut butter,21479360
6003253446511,Steaming,17682590
6002971905794,Macaroni,21169730
6003612009247,Chocolate bar,13095550
6003148277526,Açaí palm,18606820
6003286924141,Quesadilla,10149190
6003346540330,Tennessee whiskey,14926410
6003351610800,Stew,21819710
6003380299181,Farmers' market,25105290
6003328538297,Frappuccino,16068660
6003180244502,Taquito,6864330
6003349944727,Bitters,3720270
6003337016359,Tea (meal),16280080
6003639252638,Sake,6957380
6003369945335,Sugar substitute,35116200
6004037534409,Reuse,11186210
6003442099842,Yemek Tarifleri,7631634
6003429737340,Jack Daniel's Tennessee Whiskey,9567110
6002949757355,Celery,7303920
6003391276289,Rye,6774690
6003436602883,Basil,14709570
6003533346064,Languages of Iraq,45589450
6003504016795,Dunkin' Donuts,11457530
6003940506866,Turmeric,39073880
6003228448898,Eggplant,16718990
6003022236356,Parmigiano-Reggiano,16004510
6003236443526,Chopsticks,11612640
6003057332156,Blueberry,39238000
6004061641348,Udon,4237650
6003287254476,Dumpling,29832280
6003717884146,À la carte,8468500
6003340299196,Mediterranean diet,2076490
6003292419979,Camellia sinensis,27513110
6002925254521,Cashew,21961230
6002967519574,Frying,74330750
6003695266490,Lemonade,22667000
6003174943249,Pea,21406420
6003444506671,Steam,14931070
6003381728404,Cuban cuisine,7835720
6003321782843,Beech,6572330
6003202181013,Fruits Basket,850830
6003342784205,Break,16253210
6003460715225,Taverna,3729740
6003162840122,Fusion cuisine,8503240
6003655454878,Doritos,12560220
6003233286875,Cod,99545270
6003354245527,Burn (energy drink),4819320
6003137709861,Eucalyptus,17195020
6003154393939,Cookies &,269340
6003240921499,Sirloin steak,6601310
6003336996751,Carlsberg Group,8741680
6002994326573,Mahi-mahi,1645660
6002989682968,Cuisine of the United States,18753640
6003148651552,Ladies' night,3088250
6005808137010,Cake pop,3023670
6003358429600,Melon,23182160
6003597291673,Mimosa (cocktail),7409970
6003405811991,Jasmine,41472040
6003336924959,Paprika,8761980
6003423220519,Grapefruit,20122760
6003110533472,Green tea,59319010
6003170214485,Pudding,21363350
6002919249755,Piña colada,5938890
6003381875143,Pesto,8195130
6002898910762,Lebanese cuisine,12817610
6003379162805,Gravy,17734800
6003738497504,Poppy,15057830
6003287925111,Veal,6928820
6003116090542,Filo,26617630
6003260024286,TRES,1810330
6003655076878,Broth,15414940
6003402200839,Marshmallow,17073330
6003321183514,Veuve Clicquot,1209460
6003011534197,Bottling line,1875760
6003381152805,Kombucha,5155980
6003266104909,Argan oil,17153970
6003716329383,Punch (drink),3604850
6003584374438,Single malt Scotch,1683390
6003348047381,Sorbet,9206110
6003267632736,French wine,2327730
6003048892616,Twix,3841040
6003402079719,Cooking oil,35613490
6003130421417,Delicious,8603090
6003227883299,Chilean cuisine,4844950
6003741676691,Egg white,4730450
6003186575255,Leaf vegetable,12566110
6003029598455,Garage sale,9822620
6003202332012,Gimbal,5838070
6003468216087,SPAM,427970
6003238899901,Pear,21029700
6003077174939,Kitchenware,34059297
6003321943297,Arab cuisine,20108600
6003362050060,Cotton candy,8784740
6003673796262,Millet,7013540
6003409908877,Sardine,6680310
6003413479489,Mussel,9606660
6003706238946,Caribbean cuisine,2042510
6004113770609,Mate (beverage),5245550
6003677568318,Fried chicken,59406110
6003445848131,Fruit tree,15049620
6003345765559,Watermill,9277830
6003211389667,Syrup,21243650
6003641340907,Cinnamon,32885810
6003195162498,Cabbage,21334880
6002972052194,Bagel,10121330
6004108127209,Raspberry,20683600
6003381338841,Play-Doh,5435410
6003350282439,Lager,11706400
6003260290157,Pilsner,13352320
6003101905629,Frito-Lay,10050070
6003350072199,Tempura,6295510
6003526109494,Cork (material),4888230
6003064554470,Hazel,14957450
6003059638244,Nougat,5128250
6003132703700,Marmalade,4661960
6003361843821,Enneagram (geometry),281360
6003161884085,Ginger ale,1399700
6003076214929,Cat café,3713640
6003284803711,Tofu,18908100
6003436306402,Ravioli,4090350
6003644775438,Lavandula,11508900
6003002261582,Teapot,4330070
6003219481298,Rambutan,5731270
6002879691572,Teppanyaki,3884830
6003235832885,Ricotta,6137190
6003673287662,Fanta,12638900
6003718883516,Puerto Rican cuisine,5648960
6003629203383,Foie gras,2665190
6002984975419,Jalapeño,10303290
6003101895040,Gummy bear,20154860
6003788962478,Clove,15097260
6003632776783,Cheetos,9319430
6002868040622,Common fig,6144630
6003632213583,Parsley,10431200
6003268353336,Plum,19714190
6003969340548,Chestnut,5432540
6003117651868,Cookies and Cream,4410220
6003438229977,Focaccia,2927670
6003029530007,Liquorice,8846570
6003106789234,Fruit curd,14510970
6003494546227,Herbal tea,20618820
6003401093839,Magnetic field,14543190
6002949123574,Full breakfast,10181642
6003136553300,Tea culture,1537460
6003012081997,Mochi,9934150
6003280213610,Zucchini,9991130
6003353270460,Dim sum,17875350
6003371587140,Gourmand,5333330
6003122006734,Irish whiskey,6518940
6003443456137,Wort,4849840
6016519316161,Trenza,14372410
6004534556312,Truffle,9189700
6003138026500,Powdered sugar,4291490
6003181627014,Phaseolus vulgaris,7784480
6002899141110,Tutti frutti (food),1837240
6003355806787,Campari,2194720
6003412436991,Pâté,3015030
6003066369670,Shortcrust pastry,590780
6003468224403,Carbonara,5043780
6003023827692,Coca (pastry),0
6003029944785,Seattle's Best Coffee,7925720
6003144034366,Ganache,6261520
6003340116196,Kefir,4668950
6003162284978,Teavana,7618890
6003351896888,Paste (food),39058390
6003423341406,Taiwanese cuisine,7152840
6003479048887,Sweet potato,17875030
6003332086032,Portuguese cuisine,4361970
6004111911609,Garde manger,2415450
6014673807756,Ruta,13984600
6003140975566,Veggie burger,3639839
6003290207943,Baguette,8333730
6003472488487,British cuisine,8751550
6003144628440,Asparagus,8953000
6003111531435,Cream cheese,20291690
6002910631572,Falafel,9612360
6003342597628,Carpaccio,1209510
6003511764864,Fondue,5936960
6003186590455,Populus,0
6003174379035,Pork ribs,13061350
6002970869121,Banquet,5013600
6003436655312,Break (work),7725150
6003539270827,Oatmeal,16073780
6003048639156,Samosa,8286570
6003114403792,Bread roll,23080770
6003024774693,Roe,4272560
6003453057871,Izakaya,4563710
6003487814431,Dried fruit,23761770
6003283346254,Almond milk,5209420
6002958519850,Cup,6468200
6003433284154,Coconut oil,30088070
6003131130036,Gratin,2551950
6002986413782,Ficus,6626500
6003081467301,Oregano,8716060
6003029850607,Anise,4156230
6003054965956,Argentine cuisine,2895760
6003130694636,Pretzel,7217780
6003329465448,Macadamia,7337550
6004034385809,Tamarind,12566360
6003515377831,Dr Pepper,6220060
6003351409032,Carrot cake,3931130
6003290063651,Passiflora edulis,8754480
6004601055303,Single-serve coffee container,4388280
6003166851158,Chutney,7206040
6003040299915,Drugstore,1663350
6003012347681,Cauliflower,8251850
6003340527196,Lipton,11266850
6003695996690,7 Up,6079260
6003130662236,Molecular gastronomy,415100
6003154026665,Nandi Awards,32139610
6003277832076,Boletus edulis,494020
6003102525040,Dusk,2663440
6003110064342,Clam,15099630
6003650097913,Bell pepper,14445730
6003135243408,Perch,4310290
6003584469238,Orange juice,9462940
6003204224013,Tonic water,3664080
6003302163828,Turkish coffee,5700420
6003122029534,Sea salt,9541950
6003255995282,Aperol Spritz,1265274
6003202179013,Toothpaste,39231440
6003280133023,Fish and chips,9162730
6003659365316,Highball,5030360
6004042828589,Crème caramel,6151040
6003107259501,Leontopodium alpinum,1398750
6002972010574,Cassoulet,6830240
6003154808705,Horse tack,7247290
6003526863103,French toast,3471440
6003137187750,Breakfast cereal,8575420
6004160824895,Spice mix,29042290
6003460935625,Brazilian cuisine,7625870
6003305659821,Pitaya,7771510
6015792271818,Qing dynasty,41621130
6003215274138,Drinking straw,1645910
6003437303154,Walnut,25486390
6002924580721,Orchard,18850290
6002971087994,Beetroot,16596990
6003493024225,Pilsner Urquell,867440
6002840120679,Food additive,13592950
6003708507960,Nutmeg,4319160
6003222055876,Limoncello,1427730
6003301835828,South Asian cuisine,4435900
6002953870523,Bánh,10750450
6003716863583,Honeysuckle,2852820
6003508867363,Supper,5522210
6003204111013,Jiaozi,5478140
6003344233527,Saffron,16832220
6003207399030,Rodízio,3135620
6003066105407,Mascarpone,2347130
6003130652836,Nelumbo nucifera,9217160
6003357308837,Quiche,3142440
6003706194146,Drill bit,9217970
6003470530747,Cocoa solids,6597140
6003240210010,Fajita,6928190
6003516890264,Pomegranate,20589410
6003283044527,Anchovy,3269270
6003109097893,European cuisine,6881730
6003285849127,Palm oil,15009690
6003051330045,Kitchen utensil,10903555
6003176269352,Canna (plant),2300680
6003299454611,Gallon,12745300
6003299599538,Couscous,4683700
6003420167554,Gummi candy,15525630
6003349497557,Malus,3847810
6003239280285,Non-timber forest product,2963960
6003196086098,Natural dye,2097990
6003349255405,Clementine,2030840
6003455501931,Powder (substance),4127120
6003495978631,Motor oil,28437020
6003015065529,Joie de vivre,1592440
6003437449731,Sandwich wrap,8312480
6004009994906,Costa Coffee,2555980
6004042988389,Coconut water,5559000
6003784913678,Chocolate chip,9713660
6003282109641,Puff pastry,3303780
6003390921144,Snickers,10957310
6002992918194,Date palm,4282020
6003195103498,Meatball,23856760
6003248849899,Bloody Mary (cocktail),1895990
6003144584384,Bread crumbs,5777100
6002964588929,Shawarma,32784420
6003022224493,Toothpick,3844440
6003792020904,Stuffing,11422910
6003089250992,Lychee,12483400
6003034218321,Compote,1388840
6003299669011,Toffee,6039160
6003584476838,Pakistani cuisine,12014120
6003117368068,Cask ale,3743820
6003224861876,Garnish (food),11158330
6003318680418,Syrah,1835450
6002969872729,Pad Thai,3285290
6003098045658,Cachaça,6352750
6003161798178,Feta,4090410
6003651047490,American bison,2612600
6002986713168,Turkish cuisine,20263740
6002987145594,Sunday roast,3152100
6003402653747,Meat chop,7910250
6003049907645,Marlin,4110180
6003472005463,Maotai,1202520
6003313669980,Béchamel sauce,4586160
6003265590114,Hot pot,33379140
6003391486203,Drink mixer,1719790
6003164413758,Caffè,2345370
6003383289181,Zest (ingredient),0
6002991953194,Chard,0
6002980189920,Chianti,1703470
6003681395690,Lutjanidae,0
6003241327675,Potato salad,4530480
6003240193810,Tangerine,4838740
6003361177200,Goat cheese,2028140
6003478307765,Brown sugar,18931670
6003736718491,Guarana,6129380
6003655365878,Stevia,9544540
6003329932177,Moroccan cuisine,5861010
6003195947655,Soba,1900130
6003468061203,Household goods,18244510
6003374730241,Sundae,9984850
6003380351437,McCoy's (crisp),324000
6003281163823,Iced tea,16296650
6003335447697,Game (food),6564570
6003171250255,Catfish,17642980
6003349064632,Kimchi,27912050
6003975980948,Sautéing,7506700
6003249377588,Mint (candy),5437450
6003251347461,Offal,1559510
6002926639572,Malbec,4488910
6003152991875,Salami,10111300
6003237216610,Cabernet Sauvignon,6552140
6003145097152,Buffalo wing,35284560
6002925767321,Food coloring,17725930
6002838660679,Agaricus bisporus,0
6003214678933,Pita,5964920
6003018796419,Hotspot (Wi-Fi),12469890
6003091832817,Bento,9037730
6003487882631,Swordfish,1672770
6003432930112,Main course,5302190
6003186070684,Absinthe,1920650
6003524730442,Shopping bag,12371670
6003058378607,Cuvée,749800
6003436470570,Treacle,0
6003147397068,Solanum,0
6005998026502,Jordanian cuisine,9943950
6003087450392,Sambucus,0
6003151745334,Egg yolk,12124910
6003147643326,Wine cocktail,766970
6002996736244,Syrian cuisine,13656810
6003137355750,Miso,6501840
6003143942528,Teriyaki,8301180
6002968769092,Unagi,2643330
6003349489432,Carambola,1991200
6003181391333,Arabic coffee,19040340
6003403479377,UFC 26,65770
6003271398593,Wine bar,2763160
6003262656049,Sprite (soft drink),11022870
6003450270842,Tapioca,7281880
6003260981309,Marination,10373810
6003505177669,Milky Way (chocolate bar),2946470
6003341191023,Moonshine,4540970
6003148909036,Skirt steak,3304490
6003146769152,Okra,5879460
6003116072068,Chipotle,5142970
6003648322746,Artichoke,2375880
6003412455377,Noma (restaurant),385370
6003147923326,Guava,16347390
6003538668663,Love to Eat,0
6004038004409,Dragée,2131300
6003198897167,Sous-vide,1588560
6003158230075,Baklava,7921410
6003106417429,Pork steak,3851770
6003500643586,National dish,1865840
6003148214126,Flank steak,3062040
6003191324926,Leek,4946060
6003153900665,Cola,7509450
6003329124437,Wilton Cake Decorating,1200110
6003110353845,Comfort food,10049860
6003508719786,Snacking,14327516
6003133337414,Pomelo,9794540
6003352355251,Captan,1238600
6004115435789,Gnocchi,4010030
6003175264034,Lemongrass,1001990
6003107620142,Persian Food,3856370
6003223871035,Cinnamon roll,4356030
6005130299209,The World's 50 Best Restaurants,780390
6003347217274,Teaspoon,20187610
6003286163802,Seaweed,15811750
6003068360844,Fillet (cut),13671680
6003290637841,T-bone steak,4619660
6003534921798,S'more,3529730
6003267536336,Mead,1677210
6003571429718,Jute,4755210
6002868970710,Pulled pork,3326750
6003979430748,Temporary tattoo,3744140
6003341459854,Batter (cooking),11782930
6003349650288,Milo (drink),10155260
6003153991905,Hot sauce,15234330
6002951450450,Roast beef,6840630
6003100533101,Sauvignon blanc,2910400
6004019292989,Relish,3099630
6003135804408,Pepperoni,12597320
6003415367489,Broom,14452600
6002924634721,Vacuum flask,10290340
6002983172019,African cuisine,4289320
6003654056916,Steak tartare,2475220
6003251787801,Tablespoon,27363090
6003315736199,Israeli cuisine,4897580
6003107927178,Dog meat,2163390
6003380784743,Bordeaux wine,1221710
6003337741151,Tea house,6092960
6003172447808,Peel (fruit),7413750
6003522559370,Mountain Dew,8553420
6003045554244,Scone,3295760
6003308896053,Burrata,1973340
6003287398800,Sturgeon,1145060
6003332433094,Pabst Blue Ribbon,1060200
6002987108794,Mashed potato,8763670
6002971653194,Laurus nobilis,3279890
6003979375148,Habanero,3882770
6003279147082,Boiling,30215400
6003197012326,Jamaican cuisine,1238820
6002923650721,Profiterole,2232330
6003332616977,Upland game bird,1443670
6003322546114,Deep frying,13035450
6003258071301,Soul food,5971100
6004088471400,Pho,25420880
6003280856901,Pine nut,3452000
6003659355116,Cîroc,1491900
6003352052460,Pecorino,1310240
6003512421094,Raclette,1305790
6003142270366,Cocoa butter,6959010
6003117503868,Yakitori,1736530
6003124435258,Finger food,10477730
6003391837754,Pruning,4684880
6003351464232,Salad bar,1766780
6004107958209,chocolate chip cookies,1100540
6002984761819,Merlot,3075270
6003353201193,Panini (sandwich),4270020
6003230049298,Osteria,4580100
6003835407360,Moringa oleifera,10002280
6003051639016,Turkish delight,4947880
6003370025535,Jewish cuisine,1874790
6004104179609,Easter egg,4134060
6002982525646,Dip (food),16231310
6002969636292,Luffa,2957900
6003149763436,Mentos,4193450
6003482987798,Fruit salad,5560590
6003109476472,Shiitake,1807980
6003074035029,Maple syrup,8020350
6002932577373,Mocaccino,19917480
6003347290157,Cake Design,978190
6003242661588,Stingray,3575810
6003277969371,Soursop,4453970
6003397778803,Grille,17551450
6003209787830,Panna cotta,2245060
6003602250903,Plant milk,3972780
6003290233738,Spearmint,4438770
6002997727982,Smirnoff,10579420
6003478697687,Pub crawl,971590
6003267723336,Blue cheese,1889010
6004161653624,Seasoning,33788160
6003352469919,Tortellini,917450
6003902159466,Chocolate milk,3983080
6003328331945,Dill,4736510
6002992678368,Éclair,4400780
6003349977460,Smokehouse,8117210
6003661361718,Corn flakes,2688700
6002984431723,Iced coffee,13666303
6003089663182,Chives,7073560
6002955461650,Granny Smith,1466210
6003097932315,Fennel,3410480
6003319976018,Kettle,4026090
6003646976546,Petunia,2503950
6003167729630,Cakery,8558030
6003152414184,Sports drink,2849211
6003342697987,Pickling,19507500
6002893639422,Chili con carne,4008080
6003074488739,Coconut milk,18900310
6003718312716,Crème brûlée,1647870
6003408144277,Eruca sativa,4070300
6005398448826,Fruitcake,6867000
6003571503918,Enjoy Life Foods,1643320
6003148399552,Al dente,0
6003754814491,Tango (drink),2484310
6003810928278,Capsule (pharmacy),16447100
6002957703323,Cumin,11652140
6002982378923,Halibut,3258320
6003283249454,Organic horticulture,2124070
6003667517620,Electric stove,15906560
6003246503757,southern food,8407820
6003221373667,Armenian cuisine,3782790
6003290212525,Pizza Pizza,6118360
6003291739579,Jollibee,21544210
6002969220968,Passiflora,1270210
6003303698508,Smoked salmon,2362330
6003493978694,Bruschetta,2060500
6003712725553,Stir frying,19264890
6003604752020,Cannoli,2256240
6003089702815,Apricot,16732440
6003465751937,Balkan cuisine,3080090
6003775717078,Peppermint,9539980
6003500215225,Tripe,2646680
6002971976374,Game fish,596070
6004870482169,Beam Suntory,1550260
6018855930323,Prunus armeniaca,14143290
6002969806368,Christmas in July,2467490
6003148713952,Abalone,3944780
6003107930433,PowerBar,508170
6003387202618,Edamame,1551580
6003727949160,Azerbaijani cuisine,2456230
6003285475725,Torte,7454920
6003224526034,Energy bar,2556560
6003197120567,Cointreau,1219910
6003293937501,Types of chocolate,6304150
6002891753622,Casein,1484390
6004037907809,Chicory,1240950
6003394634331,Yuzu,2978470
6002995658844,Baked potato,2912900
6003137721176,Kashk,576020
6003331753694,Cookie dough,7294280
6003260274557,Linseed oil,1095990
6003256283667,Macaroni and cheese,8811470
6002839107479,Lactic acid,6396320
6003122751992,Pastel (food),7031890
6003534973273,Whipped cream,7383300
6003118322792,Back to Nature,3033590
6003687589307,Cognac,6743870
6017805948640,Nem,31994880
6002877875772,Earl Grey tea,1036650
6003393397606,Naan,6411660
6003142284561,Sunflower oil,4045630
6003090436301,Amaranth,2171930
6002911284679,Curing (food preservation),3272880
6003345861359,Scallop,10048550
6003312150454,Chinese noodles,2303410
6012367618363,HelloFresh,5858310
6003373046377,Ginkgo biloba,1948830
6003316136163,Steeping,0
6003067332807,Cranberry,10145770
6003132898214,Fried rice,18998830
6003979268348,Fried egg,7314200
6003012429597,Green bean,8265960
6003248927667,Slush (beverage),3440730
6003170369885,Coleslaw,6818050
6003213817333,Buckwheat,2231690
6003173400415,Delicious Cakes,601280
6002988075194,Bolognese sauce,2403710
6003129881528,Crayfish,2993590
6002940692562,Parfait,4380300
6003117862268,Food grain,9683880
6003379440205,Ananas,3816450
6003126104816,Yellowtail (fish),340750
6003205399612,Mandarin orange,7875170
6003143145961,Caprese salad,795320
6004024945389,Jim Beam,2318450
6003324141779,Denny's,3703580
6003136886150,Boiled egg,8301580
6003283372854,Chrysanthemum,7380970
6003290736456,Rose hip,3600810
6003901964866,Schnitzel,2281180
6003342708387,Skewer,8689960
6003207844630,Powdered milk,24804980
6004534189512,Bluefin tuna,42140
6003142117847,Prosciutto,2260010
6003493875195,Medieval Times,547100
6003229362733,Bartending terminology,4383300
6003328624999,Chili's,8362050
6003542759827,bingo,2793720
6004159724824,Old Fashioned,1847930
6003122100734,Beer in Belgium,697590
6003534979873,Dairy Queen,12551830
6003257680569,Scrambled eggs,1938480
6003329735736,Thistle,2082410
6003067519397,Tahini,6691260
6003370148602,Termite,18901560
6003483947669,Triple sec,610710
6003195553898,Bottled water,4762690
6003115847792,Rib eye steak,9952550
6003741837704,Crumble,3212230
6004211324824,Soft serve,5572320
6003198595167,Satay,7367780
6003720386062,Bramble,1171350
6003284889159,Sprouting,8242560
6003481199680,Pocky,8361530
6004177437295,Sky Bar,1112460
6002896570479,Food technology,1817430
6002967373974,Taro,19338580
6002985663768,Polenta,2676920
6003125812788,Banana bread,4655760
6003113872500,Bubble gum,2832810
6003042387845,Thyme,11885960
6017311426334,Salchichón,0
6003484989057,Stout,2329990
6003116001592,Soufflé,2266980
6003076089539,Masala chai,3944230
6003402870018,Shallot,2225980
6004849892003,Somersby cider,1298070
6003543547547,Table d'hôte,4401830
6004743750480,Jerky,8524500
6003180805733,Indonesian cuisine,22512780
6003423456540,Dole Food Company,3219500
6003199359967,Singles Day,693510
6003451063186,Pork chop,7153260
6003012464081,Wine tasting descriptors,2962870
6003416192277,Ital,674550
6004668826339,Rapeseed,1767100
6003586955703,Baskin-Robbins,7534730
6003180174750,Café au lait,1121380
6003210941333,Chicken nugget,4545570
6003715711116,Semolina,2743840
6003233503465,Cherry tomato,2573050
6003295725130,Bulgarian cuisine,2782930
6005724597546,Beefsteak,5209520
6004044386496,Red onion,6690170
6003424316606,Baker's yeast,918630
6003336025448,Piri piri,3354470
6003430450952,Eleven Madison Park,67130
6003241547211,Plastic wrap,1858840
6003107499633,Japanese tea ceremony,2492330
6003461178425,Ciabatta,1437520
6003253221567,Oak (wine),3190980
6003313577363,Radish,12093210
6003212101447,Summer sausage,352570
6003668031420,Farina (food),1125330
6003383639565,Surimi,0
6003113874500,Apple cider vinegar,14721650
6003306270821,Bilberry,1243770
6003473963564,Itamae,544370
6003166773430,Stella Artois,14170050
6003420366175,Kofta,8118970
6003133355700,Fudge,10648550
6003322764571,Riesling,1859550
6003082368197,Diet Coke,1579490
6003257715969,Juicing,1334730
6003138440376,Shortbread,2083780
6003345956474,Gumbo,1619660
6003135133190,Galette,728070
6003279047580,Kitchenette,6894530
6003480659864,Penne,2250770
6003478761687,Nori,2689130
6002957927120,Manna,7923930
6003540551827,Brown rice,3990090
6003030092855,Roti,7692620
6003230394230,Aroma of wine,3190350
6003349062205,Airline meal,2925150
6003280313043,Wine glass,2543200
6003169514528,Milano (cookie),1067980
6003217839412,Crust (baking),5165160
6003280501023,Agar,3146400
6003038318729,Cheese sandwich,4637110
6003198375801,Spring roll,5781310
6003378742804,Sour cream,5579890
6003404384564,Baozi,23114030
6003340086796,Extract,8964290
6003065903670,Rice vermicelli,8709680
6003336165793,Bran,3618110
6002992883768,Frozen dessert,1411890
6003583211707,Black tea,4115830
6003450472986,Hennessy,6994100
6003255790613,Cracker (food),11863980
6003421411431,Tea party,2967530
6003322538709,American whiskey,1539960
6003075370293,Jackfruit,16339830
6003229112533,Lavandula angustifolia,1598790
6003290066651,Nozzle,9187990
6002941388246,Braising,3921090
6003235960675,Konjac,2184520
6002969467692,Holly,1277580
6003093275417,Window cleaner,4448060
6002984430523,Biryani,29788580
6003290209743,Olive Garden,4218700
6003048529985,Curd,5123920
6003342604787,Cheerios,4143210
6003285368959,Coffee cup,4135720
6003370903535,Jack and Coke,0
6003388174312,Hemp oil,482340
6003389730312,Wheat beer,2285820
6002969828529,Escalope,2617140
6003352757119,Onion ring,3827810
6003118999645,Lambrusco,525010
6003117722468,Glutinous rice,17666340
6003050679156,Ground beef,7606780
6004177324695,Stock (food),13207130
6003278485799,Caesar salad,1974090
6008387267413,Rawhide (material),1450280
6003371568474,Outdoor cooking,2314450
6002898314562,Blended whiskey,3867160
6003372737195,Ding Dong,0
6003647707146,Millstone,0
6003479876269,Konditorei,3335590
6003352405000,Filet mignon,1741100
6003409979736,Petit four,0
6004113776224,Scallion,5047510
6003273293799,Mai Tai,572920
6003875484052,Superior good,897600
6003372516274,Fruit picking,1805970
6003401391519,Burgundy wine,398940
6003381465157,Gyro (food),4874100
6003776687678,Food street,2369010
6003143785939,grub,87630
6003175090249,Agave tequilana,2947390
6003542101263,Cosmopolitan (cocktail),753490
6003159301275,Pecan,10832940
6003415452218,Glaze (cooking technique),5030830
6003345363821,Macaroon,4278310
6003224084461,Russian cuisine,553050
6003495275965,Pilaf,5329950
6003288263351,Flambé,0
6003482880998,Rhubarb,3820570
6003132057300,Chanterelle,355320
6003348705381,Ice cream sandwich,1700250
6003641500620,Portuguese wine,908380
6003260739342,Shea butter,10577540
6003346996274,Lard,2576560
6003402276018,Porter (beer),237910
6003290247525,Chick-fil-A,12917000
6003022336493,Dishwashing,4175130
6002868078222,Pectin,3334610
6003423171806,Queue area,0
6002925722921,Whey,4953750
6003971062348,The Cheesecake Factory,4271050
6003147882952,Poppy seed,0
6003716470383,Mung bean,5706890
6003656978304,Prune,2625600
6004786706530,Trịnh lords,0
6003259211509,Poutine,2330710
6004158613678,Magnolia champaca,0
6003195814847,Valerian (herb),1276830
6004038337183,Strained yogurt,4202430
6002955399250,Putty,1940040
6003514129137,Japanese cutlery,1005600
6003543105227,Moscow mule,776870
6004124972106,Eggs Benedict,585770
6003109873500,Mustard seed,2635310
6003247848467,Palm wine,2073100
6003481294257,Cinnabon,4128650
6003133640128,Chicken salad,3305060
6002934270459,Whataburger,3192430
6007777983467,Bullion,3500790
6003283902600,Jell-O,1854340
6002964678529,Organic wine,872360
6003902016866,Rowan,909340
6003157804408,Condensed milk,8711360
6003584278507,Brie,1233060
6003107159984,Crème de cassis,125580
6003353992579,Types of cheese,3016080
6003459159744,Polish cuisine,1044360
6003303518860,Madeira wine,456770
6003291545451,Blackcurrant,3008150
6003177161361,Bottle opener,2906800
6003855495960,Ice cream cake,2996292
6003540621673,Food chain,2820740
6003401156564,Mashing,0
6003398279403,Candy corn,110110
6002990046646,Ad Hoc (restaurant),219760
6003482726147,Jimmy John's,2019390
6011835700833,Blue Apron,2974450
6004163556706,Chacha (brandy),0
6003095003858,Fish sauce,12268200
6003582739307,Milk bar,1132270
6002925373859,Sequoia,179860
6003363999023,Pinot gris,1180590
6003126367949,Salt and pepper,8022380
6003397790083,Chicken sandwich,9857240
6003280559641,Moxie,4481550
6003320213294,Cocktail party,2871170
6002891019710,Vietnamese iced coffee,34949310
6003162175885,Vietnamese lotus tea,34925860
6003290207725,Cantaloupe,3648760
6003511935494,Corn on the cob,2807310
6003500000827,Citron,1014110
6003716809746,Aluminium foil,5210910
6004108673209,Fizz (cocktail),1123660
6003342532828,Cheesesteak,3048130
6002879484972,Antipasto,1334180
6003313385368,Chili powder,20279600
6003443310642,Morus (plant),4098770
6003222814672,Cốm,15834530
6003584452838,Wood-burning stove,2783870
6003695215090,Cottage cheese,2992410
6003422898154,Fritter,2904940
6003372956775,New York-style pizza,1480840
6003102836640,Nattō,1259830
6003164421558,Brine,2220940
6003338009289,Side dish,8762000
6003736355091,Lassi,1196570
6002891069422,Butterfat,1173200
6003175180635,Royal jelly,6492060
6002971728794,Instant noodle,16849870
6002956907923,English cuisine,1167960
6008566926074,Turkey meat,9071320
6003971318948,Oil tanker,2574460
6003490712694,Coca-Cola Zero,674180
6003764132183,Shooting-brake,609480
6002897564822,Anacardiaceae,0
6003185447465,Cornbread,4091960
6003270068136,Fuze Beverage,1308740
6003232946322,PayDay (confection),35419560
6003181449705,Cananga odorata,2402550
6003103277029,Miso soup,2512590
6003656295504,Juice fasting,955970
6003142965761,Cold cut,3138690
6003274867151,Rémy Martin,2863890
6003403709719,Dal,6868210
6003181040733,Tilapia,8222580
6004165526424,Duvel Moortgat Brewery,489830
6003438328512,Grain (unit),1911170
6003009685250,Dhaba,4466920
6003486738480,Poached egg,1008850
6003655155878,Durian,26990640
6012268484187,Carafe,805090
6003717506662,Surf and turf,1723500
6003979402348,Family room,10121260
6003243344685,Dessert bar,2955190
6003110325272,Soy milk,6720390
6003142402976,Purple mangosteen,10811540
6003314873780,Herring,2199740
6003215204538,Whole grain,5275090
6003472212263,Seafood boil,1665260
6003432497354,Venison,1355740
6003332914745,As,1212570
6003481308864,White tea,1771770
6003226374449,Frittata,732290
6004168583824,Potluck,1448900
6003587322073,Submarine sandwich,5639950
6003021887093,Camembert,1293550
6002998138573,Brussels sprout,1091430
6003438463140,Food marketing,1138410
6003444822671,Potentiometer,547750
6003247903875,Ripening,4671200
6003255966482,Grappa,773210
6003053812845,ISM band,0
6003359616187,Sunkist (soft drink),4668540
6003461205025,Pound cake,2929920
6003369652735,Oolong,2856340
6003364436221,Tuscan wine,419140
6005724667946,Cuisine of Hawaii,631900
6003061671607,Oyster bar,2452430
6003319801336,Fortune cookie,638080
6003207049486,Ice cream cone,4708430
6002963600317,Jambalaya,647960
6003450582842,Tonkatsu,2319830
6003223003476,Jelly bean,2361150
6003205384012,Salvia hispanica,2007600
6003213235247,Rose water,6296590
6003491682386,Château Haut-Brion,90770
6003131080436,Kasha,1265200
6003342704138,Apiary,2571100
6003256043282,Drying (food),2430850
6003207372830,Ghee,15666210
6003287661800,Himalayan salt,5050700
6003469806403,Smoked fish,1088060
6003103534317,Bitter (beer),4164920
6003598309287,Pop-Tarts,1235020
6003326947654,Cajun cuisine,4148180
6003137898728,Gas stove,17341560
6003290657241,Caffè macchiato,1028150
6003481864664,Haggis,277610
6003095989045,RE,835910
6003332045971,Pavlova (food),1489690
6002967020774,Rice paper,4190180
6003681748490,Sweet tea,3551690
6003069046597,Sweet corn,5053520
6003056798844,Christmas cake,390070
6003305374260,Panda Express,2507330
6003290420456,Freeze-drying,2241190
6003755914953,Personal luxury car,4067033
6002905497510,Floating island (dessert),0
6003701934491,Tabasco sauce,1414610
6003059749128,Choux pastry,1455160
6003323944606,Gloria Jean's Coffees,1831130
6003110045542,Tuborg Brewery,3907330
6004037189209,Jojoba oil,5095870
6003420695031,Ginseng,18008260
6003397617483,Aging of wine,1161370
6003230135388,Balsamic vinegar,1420920
6003251531661,Neapolitan cuisine,892270
6003706379132,Pastirma,3496200
6003136515808,Register (sociolinguistics),4120410
