,id,audience
Food,6003266061909,1416302920
Beverages,6003299204611,1005393390
Water,6003540542827,620909870
Eating,6003000774850,544324090
Restaurants,6003436950375,859042310
Coffee,6003626773307,630066100
Alcoholic beverages,6003409043877,626944320
Cooking,6003659420716,885097910
Coffeehouses,6003120620858,484437450
Tea,6003491283786,464725470
Cuisine,6003195797498,693741050
Desserts,6003125948045,468828177
Fast food,6004037400009,524283106
Chocolate,6003133978408,559124220
Honey,6003654962420,165012590
Cake,6003305507369,331438340
Wine,6003148544265,390980070
Korean cuisine,6003343485089,120138250
Beer,6003012461997,391805160
Bread,6003258041942,248455450
Barbecue,6003435096731,409300800
Juice,6003703931713,263286320
Meal,6003211063124,224860510
Pizza,6003668857118,519362570
PepsiCo,6003069574715,40560240
Seattle's Best Coffee,6003029944785,7925720
Foodie,6003529536463,212804424
Frappuccino,6003328538297,16068660
Bars,6003156321008,345798543
Teavana,6003162284978,7618890
Chinese cuisine,6003030029655,179267120
Lunch,6002989257394,214361100
Baking,6003134986700,419200542
Ice cream,6003278094599,202057980
Veganism,6003641846820,381686400
Chocolate cake,6003329999577,38001612
Cranberry juice,6003429315669,11579030
Rice,6003290597769,184837320
Distilled beverage,6003146729229,240495000
Sugar,6003349726605,308614640
Culinary art,6003472596663,96376790
Meat,6003508467842,377172430
Fruit,6003114870517,459446130
Chicken (food),6002990070723,144379690
Ice,6003326098406,61831300
Caffè Americano,6003121610934,7112317
Recipes,6003385609165,565068470
Hamburger,6003325727945,189536710
Cocoa bean,6003255567688,35725720
Cake decorating,6003290131943,25797140
Seafood,6003240742699,317763322
Confectionery,6003287974527,157733140
McDonald's,6003089951815,208569060
Cheese,6003185579408,233426410
Macaron,6003386832512,10854170
Flour,6003353143251,162795160
Milk,6003011899481,299732900
Wine tasting,6003322500097,18123610
Breakfast,6003265203542,228738890
Dinner,6003382150737,187830680
Latte,6003716336707,60296120
Rum,6003226516138,80273250
Réveillon,6003280220359,11423220
M&M's,6003198259801,27274010
Ramen,6003388238805,27565350
Soup,6003252229111,104045430
Burger King,6003391341144,110618970
Noodle,6002971652194,96269590
In-N-Out Burger,6003305801799,148737200
Powdered milk,6003207844630,24804980
Apple,6003058745932,94941600
Pork belly,6003145417584,13020820
Diet food,6003361987221,65303717
Sushi,6003374311125,117648160
Snack food,6003531402198,219934630
Thai cuisine,6003283801502,67177678
Soft drinks,6002936693259,220367220
French fries,6003285531511,104760440
Carrot,6003674086262,54807470
Cookie,6002966195446,139125290
Kawaii,6004443725572,78835090
Kitchen,6002897751962,441410330
Espresso,6003116290826,78155110
Local food,6003259204909,69863651
Spanish cuisine,6003108649035,42003372
Salad,6003088431470,127218620
Evening,6003109905192,19628460
Banana,6003349752805,171130110
Beef,6003106968233,125448260
Baskin-Robbins,6003586955703,7534730
Vegetable,6003142860247,306979870
Pasta,6003289497538,129758180
Dog food,6003381100005,48800446
Italian cuisine,6003102729234,172480978
Candy,6003209344533,188071770
Latin American cuisine,6003102988840,49152780
Bean,6003323322443,114272870
Vegetarianism,6003155333705,244383981
Coffee roasting,6003333748351,7506353
Kimchi,6003349064632,27912050
Pork,6003061617128,90052370
Cherry blossom,6003513705337,35468100
Coca-Cola,6003064305615,111321600
Organic food,6002868910910,321203492
Big Mac,6003350030127,28099720
Icing (food),6003293999102,59144860
Japanese cuisine,6002998123892,159852130
Wendy's,6003397678147,40448550
Steak,6003145957236,82973870
White Castle (restaurant),6003399693543,17771460
Fruit preserves,6003297442330,73024660
Gin,6003469728603,61671630
Cocktail,6002931949762,107650930
Chipotle Mexican Grill,6003420087231,23492760
Coffee bean,6003201723413,83788460
Theobroma cacao,6002898253762,14494550
Gel,6003132944214,88830690
Chinese culture,6004161961827,91235720
Sandwich,6003132791339,158448570
Doughnut,6003244121001,61407850
Pastry,6003142100447,158205120
Coffee production,6003329791843,20145590
Green tea,6003110533472,59319010
Buffet,6003257325686,77444520
Vietnamese cuisine,6003346311730,56966020
Peach,6003420121712,67060970
Chili pepper,6002868278822,103119850
Drinking,6003169632036,31053950
Baby food,6003704126313,24728243
Japanese popular culture,6003377669796,70313810
Brandy,6003141984240,8702510
Oil,6003402855039,96193220
Vegetarian cuisine,6003331549157,50890690
Ham,6003283765111,46413910
Potato,6002839050079,123155120
Pork ribs,6003174379035,13061350
Lemon,6003971117548,125916990
Subway (restaurant),6003252403167,64476000
Fried rice,6003132898214,18998830
Specialty coffee,6003029703455,15003736
Sauce,6002943340646,109275620
Energy drinks,6003392512725,114712580
French cuisine,6003420024431,104748310
KFC,6003396635837,138843850
Yum! Brands,6003644793638,63288500
Melon,6003358429600,23182160
Fried chicken,6003677568318,59406110
Strawberry,6003128232376,79714290
Butter,6003313500180,120045910
Nestlé,6003717078560,162666400
Brunch,6003531191998,26937450
Cola,6003153900665,7509450
Carnivor,6019251843690,53954190
Brewing,6003262467902,69119870
Mango,6003325725288,87411660
Popcorn,6003286448369,46957340
Cream,6003219311958,103405970
Vodka,6003511765664,93021910
Pumpkin,6003331479294,26817050
Nem,6017805948640,31994880
Olive,6003326077109,44593600
International,6002964038517,141469790
Grape,6003279133580,85964480
Hot dog,6003280951243,37523130
Bacon,6003579275918,51526760
Soybean,6003322720909,135510470
Mochi,6003012081997,9934150
Pilsner,6003260290157,13352320
Millet,6003673796262,7013540
Pizza Hut,6003316211163,73484060
Malt,6003343994828,34978870
Whisky,6003292124828,83974770
Indian cuisine,6003494675627,107649069
Salmon,6003273123243,45275280
RVs,6003394580331,62655410
Dish (food),6003322051738,120424820
Toothpaste,6003202179013,39231440
Egg (food),6003355520832,84066620
Frying,6002967519574,74330750
Olive oil,6003184482902,80395020
Curry,6003044614245,52348310
Coriander,6003010064419,23338910
Oreo,6003357436441,74423830
Dumpling,6003287254476,29832280
Side dish,6003338009289,8762000
Vanilla,6003184482284,75659420
Sweet potato,6003479048887,17875030
Red Bull,6003281707010,84730350
Heineken,6003638600501,36264950
Maize,6003394243531,104238740
Avocado,6002839056879,62144850
Cream cheese,6003111531435,20291690
German cuisine,6004094205989,34236620
Diners,6003243058188,138718412
Grilling,6003325965709,175964720
Mass production,6003209146176,107988210
Independence Day (United States),6003353344432,56401960
Onion,6003119249658,97984490
Fast casual restaurants,6003398056603,149739735
Mediterranean cuisine,6003274176908,33730390
Coconut,6003120646134,100716450
Fast food restaurants,6003372667195,199763223
Living room,6003293328579,101410210
Radish,6003313577363,12093210
Tomato,6003472561087,74934150
Dog meat,6003107927178,2163390
Peanut,6003381931218,50770180
Tequila,6003417781439,75899650
Bibimbap,6003110322472,2277060
Chopsticks,6003236443526,11612640
Roasting,6003716731307,65167290
Orange (fruit),6003236350098,123162120
Smoking (cooking),6003252826699,25027210
Herb,6003059496932,163158860
Tango (drink),6003754814491,2484310
Gravy,6003379162805,17734800
Cheesecake,6003392747731,48048650
Cereal,6004206444789,115327130
Coffeemaker,6003290616841,19114900
Essential oil,6003481765669,89056750
Apple juice,6003143215961,14586030
Paste (food),6003351896888,39058390
Sausage,6002968797092,63112690
Seasoning,6004161653624,33788160
Cherry,6003409361877,36102290
Cider,6003023250556,17548350
Bubble tea,6003107615435,26449630
Pancake,6003208054847,54055330
Garlic,6003348680381,90854480
Udon,6004061641348,4237650
Yogurt,6005173031630,76797050
Lipton,6003340527196,11266850
Wheat,6003148744949,81726960
Tonkatsu,6003450582842,2319830
Food industry,6003272376810,74435910
Ribs (food),6003240944776,12737840
Caramel,6002975177459,49056810
Soy sauce,6003193258966,30152940
Pie,6002923615921,65095790
Litre,6003146248626,79091070
Waffle,6003657492838,36319170
Salt,6003712367146,95253610
Microbrewery,6003403681200,18511160
Pineapple,6003108711435,63602840
Piña colada,6002919249755,5938890
Dairy product,6003012654197,93616240
Gourmet,6003649084438,103631830
Sink,6003118015934,74170640
Hops,6002984425520,7140380
Torta,6003271957771,20341920
Middle Eastern cuisine,6003200340482,33447615
Grapefruit,6003423220519,20122760
Nescafé,6003276975799,62120390
Stir frying,6003712725553,19264890
Syrup,6003211389667,21243650
Mexican cuisine,6002964239317,120674120
Barbecue grill,6002998081644,40189490
Taro,6002967373974,19338580
Food truck,6003148779436,45745660
Pudding,6003170214485,21363350
Caffeine,6003377732777,48199380
Glutinous rice,6003117722468,17666340
Scotch whisky,6003133619014,25293280
Nut (fruit),6003719026713,101216050
Mozzarella,6003382727763,29432060
Maple,6003146140826,10816340
Pale lager,6003246631413,32314650
Dunkin' Donuts,6003504016795,11457530
Qing dynasty,6015792271818,41621130
Tuna,6003443983731,32474420
Hendrick's Gin,6004177555295,2262257
Heineken Premium Light,6003439417975,21073120
Blueberry,6003057332156,39238000
Greek cuisine,6003306415421,37063410
Matcha,6003117735068,25868580
Bamboo,6003339478656,67349110
Treacle,6003436470570,0
Trịnh lords,6004786706530,0
Vietnamese lotus tea,6003162175885,34925860
Vietnamese iced coffee,6002891019710,34949310
Absolut Vodka,6003309497853,8633050
Smokehouse,6003349977460,8117210
Cucumber,6003290343725,30661470
Drinking water,6003174235455,53095430
Parsley,6003632213583,10431200
Winery,6003259680957,31592140
Milkshake,6003206483286,43812930
Gelato,6004158042095,18157110
Pocky,6003481199680,8361530
Broth,6003655076878,15414940
Fanta,6003673287662,12638900
Iced coffee,6002984431723,13666303
Domino's Pizza,6002963547646,56539080
Tofu,6003284803711,18908100
Almond,6003398306603,62634450
Sprite (soft drink),6003262656049,11022870
Granola,6003279132180,10146380
Natural foods,6003780190452,96753785
Coffea,6003649976890,74830930
Macaroni,6002971905794,21169730
Sashimi,6002926053162,18459620
Coffee Time,6002964580317,4128460
Twist (dance),6003435766363,5496300
Macaroon,6003345363821,4278310
Iced tea,6003281163823,16296650
Papaya,6002867925910,39405120
Steaming,6003253446511,17682590
Vineyard,6003288000941,28755380
Steakhouse,6003173382014,28071620
Bagel,6002972052194,10121330
Pâtisserie,6003226588938,31125270
Soba,6003195947655,1900130
Ginger,6003407338335,65318300
Starch,6003116291226,26696800
Red wine,6004297828279,12893613
Baguette,6003290207943,8333730
Champagne,6003375222181,23820400
Mushroom,6003114427300,60556690
Toast,6003263292593,24710790
Motor oil,6003495978631,28437020
Tea (meal),6003337016359,16280080
Cabbage,6003195162498,21334880
White wine,6005492606658,9531159
Izakaya,6003453057871,4563710
Sirloin steak,6003240921499,6601310
Bento,6003091832817,9037730
Hot pot,6003265590114,33379140
Potato chip,6003126294549,31013240
Cupcake,6002969371568,101580680
Clam,6003110064342,15099630
Monster Energy,6003146880836,25831050
Single malt whisky,6003278978380,4281650
Sorbet,6003348047381,9206110
Pea,6003174943249,21406420
Baby bottle,6003286826569,34347457
Berry,6003709831116,49649900
White tea,6003481308864,1771770
Gin and tonic,6003508195564,4683796
Wasabi,6003207885738,8779550
T.G.I. Friday's,6003301915421,7407630
Street food,6003107610629,105168190
Cod,6003233286875,99545270
Sponge cake,6003316920363,6863050
Pho,6004088471400,25420880
Sparkling wine,6003382215781,48061470
Mocaccino,6002932577373,19917480
Prosecco,6003456578144,9239310
Bistro,6003292652611,51278530
Raspberry,6004108127209,20683600
Dough,6003342628536,69732240
Chewing gum,6003142198566,26051110
Cotton candy,6003362050060,8784740
Wedding cake,6002884645822,43535101
Camellia sinensis,6003292419979,27513110
Oatmeal,6003539270827,16073780
Gay bar,6003499531765,2127770
Mixed drink,6003223928661,12221660
Smoothie,6004160585695,51706620
Menu,6003597236673,18248920
Shopping bag,6003524730442,12371670
Eggplant,6003228448898,16718990
Magnum (ice cream),6003549461398,17589880
spicy food,6003395157147,62870780
Asian cuisine,6002959290720,11855890
Tiramisu,6003166506630,10754100
Gift shop,6003106645378,25021401
Tangerine,6003240193810,4838740
Stew,6003351610800,21819710
Buttercream,6003019452529,10232650
Cheddar cheese,6003701876691,30824980
Cheeseburger,6003398541003,20891749
Lettuce,6003029570185,26289090
Teapot,6003002261582,4330070
Barley,6003177401649,27816440
Chocolate bar,6003612009247,13095550
Taco,6003224062672,73575770
Lager,6003350282439,11706400
Clover,6003157371830,16684170
Spaghetti,6003587328273,26977170
Ruta,6014673807756,13984600
Marshmallow,6003402200839,17073330
Bottled water,6003195553898,4762690
Muffin,6003374633674,20709480
Patty,6003480741064,8669500
Nerds (candy),6003258120082,26204430
Mentha,6003022929756,29281020
Sake,6003639252638,6957380
Seaweed,6003286163802,15811750
Whipped cream,6003534973273,7383300
Chocolate brownie,6003273088108,39169120
Cappuccino,6003066071470,54922820
Guinness,6003546597227,11634790
Catfish,6003171250255,17642980
Vinegar,6003398722527,35632210
Biscuit,6003089639015,70448630
Wedding reception,6003029412207,36797545
Frozen food,6003415251991,28706390
Meringue,6003784912878,22093730
Plum,6003268353336,19714190
Shake Shack,6003280111559,1613370
Food coloring,6002925767321,17725930
Mustard (condiment),6003445970883,22832170
Legume,6003403449818,67229420
Glycerol,6003192108272,8824160
Dip (food),6002982525646,16231310
Happy Meal,6003114155500,3371250
Gluten,6003648987038,33464500
Pound cake,6003461205025,2929920
Roast beef,6002951450450,6840630
Jameson Irish Whiskey,6003491790586,5618300
Flatbread,6003492423480,27367160
Horse tack,6003154808705,7247290
Sugarcane,6003305676221,20754580
Infusion,6003108751872,10044560
Cinnamon,6003641340907,32885810
Mentos,6003149763436,4193450
Oat,6003396982135,16730980
Final good,6003304555999,72041330
Buckwheat,6003213817333,2231690
Pepsi,6003198322265,52186940
Walnut,6003437303154,25486390
Mousse,6002899966562,21923020
Custom motorcycle,6003157553608,18713110
Papa John's Pizza,6002911454172,19618410
Habanero,6003979375148,3882770
Truffle,6004534556312,9189700
Buffalo wing,6003145097152,35284560
Broccoli,6003322501097,14612700
Fried egg,6003979268348,7314200
Raisin,6003856272360,39001700
Take-out,6003049340956,88910510
Pickled cucumber,6003351967800,16899670
Boiling,6003279147082,30215400
Scallop,6003345861359,10048550
Magnetic field,6003401093839,14543190
Mint (candy),6003249377588,5437450
Pringles,6003303473060,9795880
Brown sugar,6003478307765,18931670
Black tea,6003583211707,4115830
Cooking oil,6003402079719,35613490
Sugar substitute,6003369945335,35116200
Nutella,6003369251402,45011810
Barbecue sauce,6003059838332,7481070
Cup,6002958519850,6468200
TRES,6003260024286,1810330
Egg white,6003741676691,4730450
Gallon,6003299454611,12745300
Jiaozi,6003204111013,5478140
Edible mushroom,6003155247434,91325440
Supper,6003508867363,5522210
Lime (fruit),6003543480995,26693860
Carbonara,6003468224403,5043780
Cheetos,6003632776783,9319430
Chicken nugget,6003210941333,4545570
Fondue,6003511764864,5936960
Jägermeister,6003971379696,5571920
Basil,6003436602883,14709570
Kiwifruit,6003655276678,13659730
Lollipop,6003188208001,17695000
Lemonade,6003695266490,22667000
Bánh,6002953870523,10750450
Teppanyaki,6002879691572,3884830
Sandwich wrap,6003437449731,8312480
Stingray,6003242661588,3575810
Peel (fruit),6003172447808,7413750
Omelette,6003374983581,13470510
Fragaria,6003545320103,30730840
Powdered sugar,6003138026500,4291490
Shortening,6002943416046,21107210
Types of chocolate,6003293937501,6304150
Vacuum flask,6002924634721,10290340
Tapioca,6003450270842,7281880
Miso,6003137355750,6501840
Jack Daniel's,6003103621717,26103040
Kit Kat,6003192948766,22687790
Morus (plant),6003443310642,4098770
Pizza Pizza,6003290212525,6118360
Hot chocolate,6003704167913,10631560
Gummy bear,6003101895040,20154860
Poultry,6003285599343,55105810
Bourbon whiskey,6003780109252,21972790
Skewer,6003342708387,8689960
Halal,6003175129849,80038970
Porridge,6003304632708,15070850
Tart,6003316220963,21715190
Cuisine of the United States,6002989682968,18753640
Incredible India,6003391657943,9918110
Irish whiskey,6003122006734,6518940
Steam,6003444506671,14931070
Ketchup,6003432713970,19442990
Coconut oil,6003433284154,30088070
Hazelnut,6003287034297,11613420
Taco Bell,6003370699602,15005010
Soft serve,6004211324824,5572320
Ricotta,6003235832885,6137190
Cookware and bakeware,6003276833410,49895470
Flat white,6003051883045,29033640
Broom,6003415367489,14452600
Termite,6003370148602,18901560
Burrito,6003374184925,18172800
Bread roll,6003114403792,23080770
White chocolate,6003530511863,9971100
Okra,6003146769152,5879460
Tempura,6003350072199,6295510
Perrier,6003436384370,1054560
Chardonnay,6003102718434,5229860
Sourdough,6003760373113,5831590
Scone,6003045554244,3295760
Lychee,6003089250992,12483400
Entrée,6003386900912,5654940
Nachos,6003005201892,11618780
Stock (food),6004177324695,13207130
Apple pie,6003241958011,5877700
Pomegranate,6003516890264,20589410
Mojito,6003203153176,14732640
Mug,6003450273042,31987750
Scoutcraft,6003252031486,5658470
Non-alcoholic beverage,6003051172216,29134680
Pickling,6003342697987,19507500
Garnish (food),6003224861876,11158330
Bun,6003971029296,27437710
Pad Thai,6002969872729,3285290
Dried fruit,6003487814431,23761770
Vegetable oil,6006874774496,26756570
Hot sauce,6003153991905,15234330
Dim sum,6003353270460,17875350
Leek,6003191324926,4946060
Global cuisine,6007660359222,20369070
Pinot noir,6003221337067,3947400
Filo,6003116090542,26617630
Marination,6003260981309,10373810
Ramune,6003382434954,418620
Chaff,6003098038715,3890740
Ice cream cake,6003855495960,2996292
Yeast,6003444791871,17138070
Crêpe,6003235056167,49012390
Skirt steak,6003148909036,3304490
Carrot cake,6003351409032,3931130
Ground meat,6003312965359,24686510
Corona (beer),6003381650874,82714410
Hazel,6003064554470,14957450
McCoy's (crisp),6003380351437,324000
Ice cream parlor,6003069975315,16577650
Turkey meat,6008566926074,9071320
Risotto,6002925770121,6154730
Black pepper,6003227021938,43754400
Shellfish,6003223000676,20846010
Cracker (food),6003255790613,11863980
Grocery store,6003174128015,122979470
Batter (cooking),6003341459854,11782930
Celery,6002949757355,7303920
Pork chop,6003451063186,7153260
Sesame,6003379479337,31155700
Kitchenware,6003077174939,34059297
Salsa (sauce),6003372459579,9579890
Egg yolk,6003151745334,12124910
Infant formula,6002969863929,25635475
Maple syrup,6003074035029,8020350
Ozone,6004176059095,17469250
Biryani,6002984430523,29788580
Jackfruit,6003075370293,16339830
Soul food,6003258071301,5971100
Pistachio,6003290862311,16899000
Moët & Chandon,6003372630995,4421960
Soy milk,6003110325272,6720390
Food additive,6002840120679,13592950
Game (food),6003335447697,6564570
Peanut butter,6003359553204,21479360
Aroma of wine,6003230394230,3190350
Carbonated water,6003133319814,15779520
Vitis vinifera,6003325534336,26582320
Spinach,6003287467200,17284030
Croissant,6002990502459,10166720
Countertop,6002926079321,42188930
Pretzel,6003130694636,7217780
Bonbon,6003444800471,20054990
Mussel,6003413479489,9606660
Capsule (pharmacy),6003810928278,16447100
Turmeric,6003940506866,39073880
Peppermint,6003775717078,9539980
Rockstar (drink),6003063290081,10573110
Argan oil,6003266104909,17153970
Paprika,6003336924959,8761980
Sweet and sour,6003782196158,5378890
Parfait,6002940692562,4380300
Meat chop,6003402653747,7910250
Electric stove,6003667517620,15906560
Tea party,6003421411431,2967530
Cranberry,6003067332807,10145770
Small appliance,6003719831713,10462970
Break (work),6003436655312,7725150
Sprouting,6003284889159,8242560
Parmigiano-Reggiano,6003022236356,16004510
Spring roll,6003198375801,5781310
Bacardi,6003461073764,7730240
Corn tortilla,6003525963170,17666300
Single-serve coffee container,6004601055303,4388280
Sangria,6003352481319,5433860
French toast,6003526863103,3471440
Argania,6003682410690,11097920
Cheese sandwich,6003038318729,4637110
Tomato sauce,6003116915826,11211790
Meatball,6003195103498,23856760
Jollibee,6003291739579,21544210
Hit,6002935385962,927890
Cocoa solids,6003470530747,6597140
Stout,6003484989057,2329990
Acorn,6003421539206,6176670
Deep frying,6003322546114,13035450
British cuisine,6003472488487,8751550
Tablespoon,6003251787801,27363090
European cuisine,6003109097893,6881730
Zucchini,6003280213610,9991130
Commercial fishing,6003113867992,8855600
Bell pepper,6003650097913,14445730
Kebab,6003374509781,52328820
Eucalyptus,6003137709861,17195020
Trenza,6016519316161,14372410
Pine nut,6003280856901,3452000
Chocolate milk,6003902159466,3983080
Break,6003342784205,16253210
Chocolate chip,6003784913678,9713660
Slush (beverage),6003248927667,3440730
Salt (chemistry),6003154019949,28070670
Herbal tea,6003494546227,20618820
Kefir,6003340116196,4668950
Prunus armeniaca,6018855930323,14143290
Sprinkles,6004121108389,55385750
Jasmine,6003405811991,41472040
Macaroni and cheese,6003256283667,8811470
Orange juice,6003584469238,9462940
Cork (material),6003526109494,4888230
Main course,6003432930112,5302190
Kitchenette,6003279047580,6894530
Caviar,6003393593683,15626440
Pear,6003238899901,21029700
Baozi,6003404384564,23114030
Kombucha,6003381152805,5155980
Manna,6002957927120,7923930
Ciabatta,6003461178425,1437520
Drinking straw,6003215274138,1645910
Farmers' market,6003380299181,25105290
Crème caramel,6004042828589,6151040
T-bone steak,6003290637841,4619660
Apricot,6003089702815,16732440
Lavandula,6003644775438,11508900
Animal print,6003051641556,4023120
Carlsberg Group,6003336996751,8741680
Fish and chips,6003280133023,9162730
Capsicum,6003372973375,20697720
Fusion cuisine,6003162840122,8503240
Cat café,6003076214929,3713640
Yorkie,6003251852793,917060
Moringa oleifera,6003835407360,10002280
Breakfast cereal,6003137187750,8575420
Hotspot (Wi-Fi),6003018796419,12469890
Lactic acid,6002839107479,6396320
Milky Way (chocolate bar),6003505177669,2946470
Rye,6003391276289,6774690
Ferrero Rocher,6003870657760,7316550
Turnip,6003396826223,0
Liqueur,6003379890963,25656750
Kale,6003257280969,12346260
Exhaust system,6003650493513,17873000
Lasagne,6004418542366,15413290
Nelumbo nucifera,6003130652836,9217160
Teaspoon,6003347217274,20187610
Putty,6002955399250,1940040
Mayonnaise,6003274414371,24075260
Food grain,6003117862268,9683880
Dusk,6003102525040,2663440
Margarine,6003661475718,14504830
Asparagus,6003144628440,8953000
Mandarin orange,6003205399612,7875170
Burn (energy drink),6003354245527,4819320
Hors d'oeuvre,6003476756256,25596370
Tapas,6002968497092,14904270
Cookies and Cream,6003117651868,4410220
À la carte,6003717884146,8468500
Red meat,6003142790061,6771600
Soufflé,6003116001592,2266980
Beetroot,6002971087994,16596990
Custard,6003358593004,24671160
Junk food,6003352455200,5733750
Torte,6003285475725,7454920
Mediterranean diet,6003340299196,2076490
Tea culture,6003136553300,1537460
Finger food,6003124435258,10477730
Baking powder,6003174498414,15407480
Punch (drink),6003716329383,3604850
Chrysanthemum,6003283372854,7380970
Sherry,6003382406744,14402600
Earl Grey tea,6002877875772,1036650
Mimosa (cocktail),6003597291673,7409970
Pilaf,6003495275965,5329950
Gnocchi,6004115435789,4010030
Açaí palm,6003148277526,18606820
Churro,6003149051436,12520090
Stuffing,6003792020904,11422910
Fruits Basket,6003202181013,850830
Royal jelly,6003175180635,6492060
Dairy Queen,6003534979873,12551830
Tennessee whiskey,6003346540330,14926410
Delicatessen,6003430382370,10918860
Steeping,6003316136163,0
Turkish cuisine,6002986713168,20263740
Garlic bread,6003012230597,6653910
Nandi Awards,6003154026665,32139610
Household goods,6003468061203,18244510
Strained yogurt,6004038337183,4202430
Llama,6003258270101,13185450
Dr Pepper,6003515377831,6220060
Reuse,6004037534409,11186210
Pesto,6003381875143,8195130
Coconut milk,6003074488739,18900310
Guava,6003147923326,16347390
Gummi candy,6003420167554,15525630
Lentil,6003198705401,7636070
Schnitzel,6003901964866,2281180
Full breakfast,6002949123574,10181642
Nozzle,6003290066651,9187990
Honeysuckle,6003716863583,2852820
Himalayan salt,6003287661800,5050700
Quinoa,6003537575473,8824460
Teriyaki,6003143942528,8301180
Leaf vegetable,6003186575255,12566110
Temporary tattoo,6003979430748,3744140
Smirnoff,6002997727982,10579420
UFC 26,6003403479377,65770
Ladies' night,6003148651552,3088250
Bolognese sauce,6002988075194,2403710
Pomelo,6003133337414,9794540
Tiki bar,6003276627151,2086600
Marmalade,6003132703700,4661960
Dulce de leche,6003378820204,9840990
Ranch,6003224369034,43513290
Sundae,6003374730241,9984850
southern food,6003246503757,8407820
Pork steak,6003106417429,3851770
Sriracha sauce,6004160437624,4810050
Captan,6003352355251,1238600
Milo (drink),6003349650288,10155260
Švyturys,6014880631009,12420720
Jack Daniel's Tennessee Whiskey,6003429737340,9567110
Ficus,6002986413782,6626500
Chestnut,6003969340548,5432540
Rosemary,6003336950256,9467540
S'more,6003534921798,3529730
Ripening,6003247903875,4671200
Sous-vide,6003198897167,1588560
Macadamia,6003329465448,7337550
Turkish coffee,6003302163828,5700420
Poppy,6003738497504,15057830
Mountain Dew,6003522559370,8553420
Cashew,6002925254521,21961230
Indonesian cuisine,6003180805733,22512780
Flank steak,6003148214126,3062040
Saffron,6003344233527,16832220
Prosciutto,6003142117847,2260010
Comfort food,6003110353845,10049860
Magnolia champaca,6004158613678,0
Chili con carne,6002893639422,4008080
Butterfat,6002891069422,1173200
Adansonia,6003362102460,0
Juniper,6003568943518,6104330
Condensed milk,6003157804408,8711360
Love to Eat,6003538668663,0
Scallion,6004113776224,5047510
Natural dye,6003196086098,2097990
Taiwanese cuisine,6003423341406,7152840
Masala chai,6003076089539,3944230
Jerky,6004743750480,8524500
Fajita,6003240210010,6928190
Ben & Jerry's,6003401844364,9293780
Fudge,6003133355700,10648550
starbucks mexico,6003137621566,8315990
Potato salad,6003241327675,4530480
Coconut water,6004042988389,5559000
Quesadilla,6003286924141,10149190
Blended whiskey,6002898314562,3867160
Palm oil,6003285849127,15009690
Fender Jazz Bass,6003349594005,985610
Spice mix,6004160824895,29042290
Moonshine,6003341191023,4540970
Ganache,6003144034366,6261520
Brisket,6003736323691,6045130
Guacamole,6003012392397,9468010
Freeze-drying,6003290420456,2241190
Fruit curd,6003106789234,14510970
Fruit tree,6003445848131,15049620
Garage sale,6003029598455,9822620
Margarita,6003218970958,4973430
Chard,6002991953194,0
Oil tanker,6003971318948,2574460
Populus,6003186590455,0
South Asian cuisine,6003301835828,4435900
HelloFresh,6012367618363,5858310
Phaseolus vulgaris,6003181627014,7784480
Peruvian cuisine,6003127976124,31959640
Calendula,6003339210196,3556350
Solanum,6003147397068,0
Angelica,6003368851175,5622530
French wine,6003267632736,2327730
Pakistani cuisine,6003584476838,12014120
Cognac,6003687589307,6743870
Fruit salad,6003482987798,5560590
Chipotle,6003116072068,5142970
Perch,6003135243408,4310290
Jalapeño,6002984975419,10303290
Hennessy,6003450472986,6994100
Béchamel sauce,6003313669980,4586160
Grille,6003397778803,17551450
Green bean,6003012429597,8265960
Cocoa butter,6003142270366,6959010
Lutjanidae,6003681395690,0
Cantina,6003012156597,25960290
Mashed potato,6002987108794,8763670
Rose water,6003213235247,6296590
Canapé,6003328210980,3243970
Whataburger,6002934270459,3192430
Trattoria,6003320077418,9647590
Pub crawl,6003478697687,971590
Siesta,6003106877390,1899740
Languages of Iraq,6003533346064,45589450
Pita,6003214678933,5964920
bingo,6003542759827,2793720
Dessert wine,6003383387177,10964010
Pepperoni,6003135804408,12597320
Tandoor,6003593745887,6567910
Malus,6003349497557,3847810
Chorizo,6002960316720,16952370
Big Apple,6002868778710,1353600
Nutmeg,6003708507960,4319160
Crayfish,6003129881528,2993590
Artichoke,6003648322746,2375880
Kashk,6003137721176,576020
Cabernet Sauvignon,6003237216610,6552140
Wine bar,6003271398593,2763160
American bison,6003651047490,2612600
Smoked salmon,6003303698508,2362330
Toffee,6003299669011,6039160
Rib eye steak,6003115847792,9952550
Brioche,6003301842028,5706510
Register (sociolinguistics),6003136515808,4120410
Common fig,6002868040622,6144630
Oregano,6003081467301,8716060
Panini (sandwich),6003353201193,4270020
Date palm,6002992918194,4282020
Malaysian cuisine,6003047808444,17065180
Hummus,6003583347473,10289090
Caffè,6003164413758,2345370
Bubble gum,6003113872500,2832810
Clove,6003788962478,15097260
Almond milk,6003283346254,5209420
Dessert bar,6003243344685,2955190
African cuisine,6002983172019,4289320
Delicious,6003130421417,8603090
Pecan,6003159301275,10832940
Animal product,6003306141908,4790970
Plant milk,6003602250903,3972780
Paella,6003387075218,9078310
Non-timber forest product,6003239280285,2963960
Whey,6002925722921,4953750
Lamb and mutton,6003530963263,12098910
Orchard,6002924580721,18850290
Cornbread,6003185447465,4091960
The Cheesecake Factory,6003971062348,4271050
Cinnamon roll,6003223871035,4356030
Bran,6003336165793,3618110
Sea salt,6003122029534,9541950
Passiflora edulis,6003290063651,8754480
Eleven Madison Park,6003430450952,67130
Bonito,6003284040369,21854060
Nori,6003478761687,2689130
Arab cuisine,6003321943297,20108600
Snickers,6003390921144,10957310
Shallot,6003402870018,2225980
Scrambled eggs,6003257680569,1938480
Crème brûlée,6003718312716,1647870
Frozen yogurt,6003179256614,5981690
chocolate chip cookies,6004107958209,1100540
Shea butter,6003260739342,10577540
Veal,6003287925111,6928820
Tropicana,6003709680153,5335440
Doner kebab,6002889101422,14088040
Cask ale,6003117368068,3743820
Crumble,6003741837704,3212230
Baklava,6003158230075,7921410
Éclair,6002992678368,4400780
The World's 50 Best Restaurants,6005130299209,780390
Soursop,6003277969371,4453970
Martini (cocktail),6003398192889,2214580
Cookie dough,6003331753694,7294280
Sambucus,6003087450392,0
Sauvignon blanc,6003100533101,2910400
Profiterole,6002923650721,2232330
Pitaya,6003305659821,7771510
Roe,6003024774693,4272560
Fillet (cut),6003068360844,13671680
Mountain hut,6003072110293,4374780
Riesling,6003322764571,1859550
Groupe Danone,6003146969036,10738550
Cauliflower,6003012347681,8251850
Watermill,6003345765559,9277830
Cinnabon,6003481294257,4128650
Fennel,6003097932315,3410480
Food street,6003776687678,2369010
Cut of beef,6015342810466,691580
Wafer,6003681037890,5487910
Shawarma,6002964588929,32784420
Salami,6003152991875,10111300
Cassoulet,6002972010574,6830240
Snacking,6003508719786,14327516
Lay's,6003552420395,9383150
Anise,6003029850607,4156230
Tic Tac,6003091416670,5544570
Dishwashing,6003022336493,4175130
Doritos,6003655454878,12560220
Offal,6003251347461,1559510
Chicha,6003142329790,8067400
Jim Beam,6004024945389,2318450
Almond meal,6003355464256,1071710
Couscous,6003299599538,4683700
Liquorice,6003029530007,8846570
Garde manger,6004111911609,2415450
Upland game bird,6003332616977,1443670
Zest (ingredient),6003383289181,0
Charcuterie,6003494525227,7064840
Wilton Cake Decorating,6003329124437,1200110
Pulled pork,6002868970710,3326750
Ice cream sandwich,6003348705381,1700250
Ceviche,6003162363178,10776720
Sports drink,6003152414184,2849211
Japanese tea ceremony,6003107499633,2492330
Enjoy Life Foods,6003571503918,1643320
Cumin,6002957703323,11652140
Stevia,6003655365878,9544540
Sour cream,6003378742804,5579890
Ginkgo biloba,6003373046377,1948830
Old Fashioned,6004159724824,1847930
Vermouth,6002997583182,2812490
Açaí na tigela,6003446522531,260990
Carambola,6003349489432,1991200
Frozen dessert,6002992883768,1411890
Cheesesteak,6003342532828,3048130
Turkish delight,6003051639016,4947880
Cakery,6003167729630,8558030
Oolong,6003369652735,2856340
Falafel,6002910631572,9612360
Coleslaw,6003170369885,6818050
Merlot,6002984761819,3075270
Arabic coffee,6003181391333,19040340
Absinthe,6003186070684,1920650
Caesar salad,6003278485799,1974090
Banquet,6002970869121,5013600
Banana bread,6003125812788,4655760
Fuel oil,6003141088984,4493290
Food technology,6002896570479,1817430
Malbec,6002926639572,4488910
Thyme,6003042387845,11885960
Unagi,6002968769092,2643330
Ravioli,6003436306402,4090350
Sunday roast,6002987145594,3152100
Cuban cuisine,6003381728404,7835720
Rowan,6003902016866,909340
Ghee,6003207372830,15666210
English cuisine,6002956907923,1167960
Gourmand,6003371587140,5333330
Panna cotta,6003209787830,2245060
Agaricus bisporus,6002838660679,0
FineDiningLovers,6011956651362,540030
Wine tasting descriptors,6003012464081,2962870
Quiche,6003357308837,3142440
Hooters,6003293081943,4267050
Quick bread,6002935766162,3188890
Frito-Lay,6003101905629,10050070
Back to Nature,6003118322792,3033590
Haute cuisine,6003099475416,1427300
Rawhide (material),6008387267413,1450280
Lebanese cuisine,6002898910762,12817610
Ounce,6003157813084,5989620
Drill bit,6003706194146,9217970
Molasses,6003175600814,3792990
Onion ring,6003352757119,3827810
Quince,6003202314813,3849770
Sky Bar,6004177437295,1112460
Asado,6002962782646,17761830
Tortellini,6003352469919,917450
Focaccia,6003438229977,2927670
Crust (baking),6003217839412,5165160
Bilberry,6003306270821,1243770
Seafood boil,6003472212263,1665260
Patrón Tequila,6003280364725,8568120
Ananas,6003379440205,3816450
Nougat,6003059638244,5128250
Persian Food,6003107620142,3856370
