destination,origin,iso_d,iso_o,col,csl,cnl,prox1,lp1,prox2,lp2,cl,cle,contig,comlang_off,comlang_ethno,dist,distcap,distw,distwces,shared_hist,area_d,pop_d,area_o,pop_o,GDP_o,GDP_d,m_stock,m_flow_sd_drop_neg,m_flow_sd_rev_neg,m_flow_mig_rate,m_flow_da_min_open,m_flow_da_min_closed,m_flow_da_pb_closed,CS_wvs,CS_foursquare
Argentina,Australia,ARG,AUS,0,0.0205841604620218,7.999999797903e-4,0.25,1.94586646556854,0.130525469779968,1.16951882839203,0.153625071048737,0.154682755470276,0,0,0,"11801,36","11733,88","12044,57","12018,27",0,2766889,44780675,7686848,25203200,1450499018770.09,437813398163.194,279,1,1,56,16,105,2224,0.2579212719766868,0.10053336907853756
Argentina,Brazil,ARG,BRA,0,0.0605287216603756,7.999999797903e-4,0.75,5.83759927749634,0.424397647380829,3.80263757705688,0.497703820466995,0.501142799854279,1,0,0,"1691,067","2353,257","2391,846","2089,281",0,2766889,44780675,8511920,211049519,2364445788869.69,437813398163.194,49647,475,475,9997,2332,0,10767,0.7688173073309003,0.8402621556934439
Argentina,Chile,ARG,CHL,1,0.980100035667419,0.854399979114532,0,0,0,0,0.873441278934479,0.872565388679504,1,1,1,"1128,317","1128,317","1156,726","941,6383",0,2766889,44780675,756945,18952035,285037020831.58,437813398163.194,216855,2079,2079,43666,13875,53604,84213,-0.9899188942196219,0.9548769046901584
Argentina,France,ARG,FRA,0,0.133927807211876,0.0103923194110394,0.5,3.89173293113708,0.254505813121796,2.28039288520813,0.305518478155136,0.307560980319977,0,0,0,"11072,25","11072,25","10932,34","10921,86",0,2766889,44780675,547026,65129731,2971919320115.83,437813398163.194,8303,79,79,1672,467,156,3048,0.16976977797254109,0.8741572761215378
Argentina,Great Britain,ARG,GBR,0,0.0832515209913254,0,0.25,1.94586646556854,0.130525469779968,1.16951882839203,0.152947425842285,0.154005959630013,0,0,0,"11147,48","11147,48","11136,96","11128,22",0,2766889,44780675,244110,67530161,2913556871434.81,437813398163.194,959,8,8,193,45,126,1559,0.32297157880770794,0.6263188083736033
Argentina,Indonesia,ARG,IDN,0,0,0,0,0,0.0743691548705101,0.666353702545166,0.0871444642543793,0.0877475738525391,0,0,0,"15235,78","15235,78","15581,88","15568,05",0,2766889,44780675,1933658,270625567,1204457195676.25,437813398163.194,21,0,0,4,1,4,7,0.4656905030979335,-0.879328410484142
Argentina,Japan,ARG,JPN,0,0,0,0,0,0.0689622163772583,0.617907047271729,0.080808699131012,0.0813679695129395,0,0,0,"18372,04","18372,04","18310,16","18297,72",0,2766889,44780675,377801,126860299,6187013947904.92,437813398163.194,4531,43,43,912,217,271,1230,-0.36729297241770426,-0.9719277893251616
Argentina,Malaysia,ARG,MYS,0,0,0,0,0,0.0840988308191299,0.753532350063324,0.0985455140471458,0.0992275476455688,0,0,0,"15970,66","15970,66","16333,03","16320,67",0,2766889,44780675,329758,31949789,398946603155.68,437813398163.194,2,0,0,0,0,0,1,-0.6201842931122435,-0.7758780338770095
Argentina,Mexico,ARG,MEX,1,0.980100035667419,0.883199989795685,0,0,0,0,0.898474872112274,0.897772252559662,0,1,1,"7397,651","7397,651","7533,986","7460,572",0,2766889,44780675,1967210,127575529,1309881765941.94,437813398163.194,1475,13,13,297,0,0,2017,0.965394028529442,0.8856327784413391
Argentina,Russia,ARG,RUS,0,3.9999998989515e-4,0,0.25,1.94586646556854,0.102731950581074,0.920486629009247,0.120379477739334,0.121212609112263,0,0,0,"13505,36","13505,36","14195,33","14105,4",0,2766889,44780675,17075400,145872260,1779170276409.99,437813398163.194,1917,18,20,386,72,1,275,-0.896528931383415,-0.8253072612498317
Argentina,Singapore,ARG,SGP,0,0,0,0.0599999986588955,0.46700793504715,0.0918117761611938,0.822641015052795,0.107583418488503,0.108327984809875,0,0,0,"15891,11","15891,11","16120,1","16110,5",0,2766889,44780675,646,5804343,338646194792.894,437813398163.194,2,0,0,0,0,0,1,-0.9131849033997146,-0.6899538710058457
Argentina,South Korea,ARG,KOR,0,0,0,0,0,0,0,0,0,0,0,0,"19447,35","19447,35","19146,65","19137,75",0,2766889,44780675,99484,51225321,1482760164322.84,437813398163.194,8296,78,78,1671,419,485,1472,-0.9791524043946334,-0.8553596074489095
Argentina,Spain,ARG,ESP,1,0.980139851570129,0.854458212852478,0,0,0,0,0.873491883277893,0.872616350650787,0,1,1,"10065,85","10065,85","10079,66","10055,9",1,2766889,44780675,505954,46736782,1572012697558.03,437813398163.194,99769,956,956,20090,6434,5516,49532,0.11006656085401215,0.7966912709023962
Argentina,Turkey,ARG,TUR,0,0.0015999999595806,0,0,0,0.10965658724308,0.9825319647789,0.128493651747704,0.129382938146591,0,0,0,"12268,67","12502,27","12474,38","12462,04",0,2766889,44780675,780576,83429607,1261946143648.6,437813398163.194,646,6,6,130,20,0,132,0.0832160543605939,-0.5873026842494955
Argentina,United States,ARG,USA,0,0.159409925341606,0.144000008702278,0.212500005960464,1.6539865732193,0.110946655273438,0.994091093540192,0.255284577608109,0.256054759025574,0,0,1,"8542,694","8403,226","8678,352","8608,022",0,2766889,44780675,9529106,329064917,18349108235210.1,437813398163.194,5225,49,49,1052,4637,1,24919,0.16793023128625334,0.8773995679666771
Australia,Argentina,AUS,ARG,0,0.0205841604620218,7.999999797903e-4,0.25,1.94586646556854,0.130525469779968,1.16951882839203,0.153625071048737,0.154682755470276,0,0,0,"11801,36","11733,88","12044,57","12018,27",0,7686848,25203200,2766889,44780675,437813398163.194,1450499018770.09,17583,2390,2390,3178,2939,2899,5017,0.2579212719766868,0.10053336907853756
Australia,Brazil,AUS,BRA,0,0.00159951997920871,3.9999998989515e-4,0.25,1.94586646556854,0.0971352532505989,0.870339751243591,0.114175833761692,0.11496327072382,0,0,0,"13371,76","14070,8","14046,75","13983,36",0,7686848,25203200,8511920,211049519,2364445788869.69,1450499018770.09,42552,16531,16531,5489,17390,11725,15624,-0.41953833355478853,-0.4549590888863784
Australia,Chile,AUS,CHL,0,0.0197999998927116,0,0.25,1.94586646556854,0.130525469779968,1.16951882839203,0.152947425842285,0.154005959630013,0,0,0,"11353,72","11326,56","11611,42","11568,01",0,7686848,25203200,756945,18952035,285037020831.58,1450499018770.09,33707,4136,4136,6184,5486,11343,14443,-0.11847785392804255,-0.19950015003504165
Australia,France,AUS,FRA,0,0.351933389902115,4.99959976878017e-4,0.25,1.94586646556854,0.141529113054276,1.26811242103577,0.166258364915848,0.167405545711517,0,0,0,"16975,46","16938,09","16513,02","16464,9",0,7686848,25203200,547026,65129731,2971919320115.83,1450499018770.09,40733,4799,4799,7513,6367,3757,10915,0.9959280680897591,0.5710644881985999
Australia,Great Britain,AUS,GBR,1,0.960379421710968,0.643999993801117,0,0,0,0,0.69055700302124,0.68841540813446,0,1,1,"17011,27","17001,95","16602,27","16563,96",1,7686848,25203200,244110,67530161,2913556871434.81,1450499018770.09,1262204,79089,79089,247112,111005,10727,177045,0.9976890538759253,0.8385834368695713
Australia,Indonesia,AUS,IDN,0,0,0,0,0,0.0664010643959045,0.594958961009979,0.0778075903654099,0.0783460810780525,0,0,0,"5511,902","5410,656","5077,672","4883,979",0,7686848,25203200,1933658,270625567,1204457195676.25,1450499018770.09,87274,11852,11852,15777,14392,21306,31988,-0.734894794984597,-0.5622050503252741
Australia,Japan,AUS,JPN,0,0.116400003433228,0,0,0,0.0597609132528305,0.53546267747879,0.0700267851352692,0.0705114305019379,0,0,0,"7831,446","7958,28","7827,079","7789,92",0,7686848,25203200,377801,126860299,6187013947904.92,1450499018770.09,53175,6576,6576,9745,8136,8084,15655,0.8039033896038635,0.13637617560857357
Australia,Malaysia,AUS,MYS,0,0.267657190561295,0.0126600991934538,0,0,0.0622671134769917,0.557918429374695,0.0846998766064644,0.0851984545588493,0,0,0,"6617,087","6532,159","6084,2","5956,039",0,7686848,25203200,329758,31949789,398946603155.68,1450499018770.09,174136,33866,33866,29386,37874,31738,50880,-0.9178735274395066,-0.7056883164911604
Australia,Mexico,AUS,MEX,0,0.0673397034406662,0,0.25,1.94586646556854,0.130525469779968,1.16951882839203,0.152947425842285,0.154005959630013,0,0,0,"12985,17","13185,67","13430,11","13362,18",0,7686848,25203200,1967210,127575529,1309881765941.94,1450499018770.09,6760,1491,1491,1104,0,1263,2018,-0.0029762151477561623,-0.37299786899349663
Australia,Russia,AUS,RUS,0,0.0485000014305115,0,0.25,1.94586646556854,0.15281730890274,1.36925554275513,0.179068610072136,0.180307924747467,0,0,0,"14503,07","14491,46","13424,9","13270,88",0,7686848,25203200,17075400,145872260,1779170276409.99,1450499018770.09,28735,3494,3496,5278,4011,0,3349,-0.6592310797663249,0.47885213068057325
Australia,Singapore,AUS,SGP,1,0.695610880851746,0.109906397759914,0,0,0.0315765291452408,0.282928258180618,0.259245336055756,0.254118680953979,0,1,1,"6301,786","6217,666","5893,497","5773,683",0,7686848,25203200,646,5804343,338646194792.894,1450499018770.09,64739,6429,6429,12187,6403,7250,16556,-0.6292863888308808,-0.7895494583010967
Australia,South Korea,AUS,KOR,0,0,0,0,0,0,0,0,0,0,0,1,"8329,652","8418,786","8112,907","8080,573",0,7686848,25203200,99484,51225321,1482760164322.84,1450499018770.09,121204,16846,16846,21831,20772,20507,33882,-0.05628986713952317,0.4294179828764027
Australia,Spain,AUS,ESP,0,0.276957243680954,1.99999994947575e-4,0.25,1.94586646556854,0.130525469779968,1.16951882839203,0.153116837143898,0.154175162315369,0,0,0,"17699,45","17591,48","17072,92","17016,02",0,7686848,25203200,505954,46736782,1572012697558.03,1450499018770.09,19594,2217,2217,3633,3118,3072,7326,0.988684231097517,0.6814185279188428
Australia,Turkey,AUS,TUR,0,0.165150538086891,9.99999974737875e-5,0,0,0.0668753162026405,0.599208295345306,0.0784554779529572,0.0789977610111237,0,0,0,"14960,31","14512,6","14180,88","14112,3",0,7686848,25203200,780576,83429607,1261946143648.6,1450499018770.09,42880,3945,3945,8136,3487,766,7310,-0.9413516276952731,0.7462233548530403
Australia,United States,AUS,USA,1,0.931420207023621,0.574000000953674,0.0375000238418579,0.291880160570145,0.0195788145065308,0.175427779555321,0.639484822750092,0.636989712715149,0,1,1,"16008,79","15961,95","14802,03","14589,17",0,7686848,25203200,9529106,329064917,18349108235210.1,1450499018770.09,114549,11970,11970,21442,87852,1308,34055,0.9957580800128044,-0.3891218042214124
Brazil,Argentina,BRA,ARG,0,0.0605287216603756,7.999999797903e-4,0.75,5.83759927749634,0.424397647380829,3.80263757705688,0.497703820466995,0.501142799854279,1,0,0,"1691,067","2353,257","2391,846","2089,281",0,8511920,211049519,2766889,44780675,437813398163.194,2364445788869.69,39078,2939,2939,6960,4103,9845,21201,0.7688173073309003,0.8402621556934439
Brazil,Australia,BRA,AUS,0,0.00159951997920871,3.9999998989515e-4,0.25,1.94586646556854,0.0971352532505989,0.870339751243591,0.114175833761692,0.11496327072382,0,0,0,"13371,76","14070,8","14046,75","13983,36",0,8511920,211049519,7686848,25203200,1450499018770.09,2364445788869.69,791,58,58,141,91,539,4344,-0.41953833355478853,-0.4549590888863784
Brazil,Chile,BRA,CHL,0,0.0593999996781349,0,0.75,5.83759927749634,0.424397647380829,3.80263757705688,0.497301667928696,0.500743389129639,0,0,0,"2590,783","3017,946","3196,1","3017,132",0,8511920,211049519,756945,18952035,285037020831.58,2364445788869.69,20747,1560,1560,3695,2441,8775,12997,-0.8516381456280101,0.9633754854170541
Brazil,France,BRA,FRA,0,0.00998283922672272,3.9999998989515e-4,0.5,3.89173293113708,0.294441282749176,2.63821792602539,0.345283091068268,0.347669959068298,0,0,0,"9408,406","8732,79","8681,18","8584,978",0,8511920,211049519,547026,65129731,2971919320115.83,2364445788869.69,12851,966,966,2289,1425,3907,14179,-0.4996638609288735,0.47121523279753796
Brazil,Great Britain,BRA,GBR,0,0.0060937600210309,0,0.25,1.94586646556854,0.0971352532505989,0.870339751243591,0.113821364939213,0.114609114825726,0,0,0,"9501,71","8797,828","8931,505","8837,089",0,8511920,211049519,244110,67530161,2913556871434.81,2364445788869.69,6650,499,499,1185,713,1338,7290,-0.35689237842539484,0.10360608425945601
Brazil,Indonesia,BRA,IDN,0,0,0,0,0,0.0768355056643486,0.688452363014221,0.0900344848632812,0.0906576067209244,0,0,0,"15644,48","16326,22","16024,37","15994,88",0,8511920,211049519,1933658,270625567,1204457195676.25,2364445788869.69,978,73,73,174,100,360,451,0.9239270592678621,-0.4806715131793514
Brazil,Japan,BRA,JPN,0,0,0,0,0,0.0416429452598095,0.373124182224274,0.0487964674830437,0.0491341799497604,0,0,0,"18549,61","17693,2","17981,98","17931,71",0,8511920,211049519,377801,126860299,6187013947904.92,2364445788869.69,65955,4960,4960,11748,6798,15108,44705,-0.8771542256546688,-0.9442379747178258
Brazil,Malaysia,BRA,MYS,0,0,0,0,0,0.0588616654276848,0.527405321598053,0.0689730569720268,0.0694504082202911,0,0,0,"15940,63","16420,49","16193,42","16164,04",0,8511920,211049519,329758,31949789,398946603155.68,2364445788869.69,163,12,12,29,16,31,53,0.024826566811781938,-0.30988863220338464
Brazil,Mexico,BRA,MEX,0,0.0593999996781349,0,0.75,5.83759927749634,0.424397647380829,3.80263757705688,0.497301667928696,0.500743389129639,0,0,0,"7439,636","6841,765","7621,779","7513,793",0,8511920,211049519,1967210,127575529,1309881765941.94,2364445788869.69,3601,269,269,642,0,760,1953,0.9089822359827243,0.9959447932691248
Brazil,Russia,BRA,RUS,0,9.99999974737875e-5,0,0.25,1.94586646556854,0.093720331788063,0.839741826057434,0.109819829463959,0.110579870641232,0,0,0,"11820,15","11192,67","11942,46","11770,14",0,8511920,211049519,17075400,145872260,1779170276409.99,2364445788869.69,1865,139,141,332,172,1,259,-0.4059918914665393,-0.9996349698728535
Brazil,Singapore,BRA,SGP,0,0,0,0.0599999986588955,0.46700793504715,0.0556820146739483,0.498915374279022,0.0652472004294395,0.0656987652182579,0,0,0,"16000,61","16540,27","16065,5","16048,86",0,8511920,211049519,646,5804343,338646194792.894,2364445788869.69,154,10,10,28,10,53,67,-0.44145985545207184,-0.18728308530953147
Brazil,South Korea,BRA,KOR,0,0,0,0,0,0,0,0,0,0,0,0,"18364,51","17565,08","17793,04","17741,18",0,8511920,211049519,99484,51225321,1482760164322.84,2364445788869.69,11531,866,866,2054,1222,2699,3816,-0.8826826162831999,-0.9995945275658449
Brazil,Spain,BRA,ESP,0,0.0695584788918495,1.99999994947575e-4,0.75,5.83759927749634,0.424397647380829,3.80263757705688,0.497402191162109,0.500843226909637,0,0,0,"8389,78","7743,538","7821,087","7696,928",0,8511920,211049519,505954,46736782,1572012697558.03,2364445788869.69,41321,3106,3106,7360,4866,10749,28491,-0.5509621408918305,0.3417430630867045
Brazil,Turkey,BRA,TUR,0,3.9999998989515e-4,0,0,0,0.0899259746074677,0.805744051933289,0.105373665690422,0.10610294342041,0,0,0,"10590,76","10374,6","10224,84","10152,14",0,8511920,211049519,780576,83429607,1261946143648.6,2364445788869.69,486,36,36,87,33,41,280,0.7012284535620052,-0.9323112927202332
Brazil,United States,BRA,USA,0,0.00989712029695511,0,0.325000017881393,2.5296266078949,0.146224617958069,1.31018447875977,0.171343415975571,0.172529265284538,0,0,0,"7694,307","6794,436","8088,514","7887,2",0,8511920,211049519,9529106,329064917,18349108235210.1,2364445788869.69,23726,1784,1784,4226,5353,4040,52925,-0.5012796534678803,0.9973622796894392
Chile,Argentina,CHL,ARG,1,0.980100035667419,0.854399979114532,0,0,0,0,0.873441278934479,0.872565388679504,1,1,1,"1128,317","1128,317","1156,726","941,6383",0,756945,18952035,2766889,44780675,437813398163.194,285037020831.58,72813,22890,22890,11548,24701,18749,48740,-0.9899188942196219,0.9548769046901584
Chile,Australia,CHL,AUS,0,0.0197999998927116,0,0.25,1.94586646556854,0.130525469779968,1.16951882839203,0.152947425842285,0.154005959630013,0,0,0,"11353,72","11326,56","11611,42","11568,01",0,756945,18952035,7686848,25203200,1450499018770.09,285037020831.58,3952,0,0,0,0,221,3344,-0.11847785392804255,-0.19950015003504165
Chile,Brazil,CHL,BRA,0,0.0593999996781349,0,0.75,5.83759927749634,0.424397647380829,3.80263757705688,0.497301667928696,0.500743389129639,0,0,0,"2590,783","3017,946","3196,1","3017,132",0,756945,18952035,8511920,211049519,2364445788869.69,285037020831.58,20370,3729,3729,3124,4190,0,4029,-0.8516381456280101,0.9633754854170541
Chile,France,CHL,FRA,0,0.128700003027916,0.00889999978244305,0.5,3.89173293113708,0.254505813121796,2.28039288520813,0.30447119474411,0.306516796350479,0,0,0,"11663,39","11663,39","11569,81","11550,63",0,756945,18952035,547026,65129731,2971919320115.83,285037020831.58,12562,0,0,1927,236,1228,3894,-0.028478938442180402,0.6904757466825007
Chile,Great Britain,CHL,GBR,0,0.0791999995708466,0,0.25,1.94586646556854,0.130525469779968,1.16951882839203,0.152947425842285,0.154005959630013,0,0,0,"11685,42","11685,42","11689,2","11669,41",0,756945,18952035,244110,67530161,2913556871434.81,285037020831.58,6668,0,0,0,69,287,1006,-0.18567071071811955,0.3665245183824907
Chile,Indonesia,CHL,IDN,0,0,0,0,0,0.0743691548705101,0.666353702545166,0.0871444642543793,0.0877475738525391,0,0,0,"15614,28","15614,28","15740,36","15716,14",0,756945,18952035,1933658,270625567,1204457195676.25,285037020831.58,343,0,0,0,0,0,0,-0.5863357317758977,-0.6982134006304032
Chile,Japan,CHL,JPN,0,0,0,0,0,0.0689622163772583,0.617907047271729,0.080808699131012,0.0813679695129395,0,0,0,"17247,38","17247,38","17351,35","17345,3",0,756945,18952035,377801,126860299,6187013947904.92,285037020831.58,3231,0,0,0,0,0,45,0.4953260775334681,-0.9979498003466466
Chile,Malaysia,CHL,MYS,0,0,0,0,0,0.0840988308191299,0.753532350063324,0.0985455140471458,0.0992275476455688,0,0,0,"16562,12","16562,12","16649,88","16632,83",0,756945,18952035,329758,31949789,398946603155.68,285037020831.58,100,0,0,0,0,0,0,0.5028253999999989,-0.553494618981557
Chile,Mexico,CHL,MEX,1,0.980100035667419,0.81879997253418,0,0,0,0,0.842496991157532,0.841406881809235,0,1,1,"6621,323","6621,323","6966,903","6886,097",0,756945,18952035,1967210,127575529,1309881765941.94,285037020831.58,6887,5403,5403,1056,0,4055,5388,-0.9925996816642991,0.9835938575814175
Chile,Russia,CHL,RUS,0,0,0,0.25,1.94586646556854,0.102731950581074,0.920486629009247,0.120379477739334,0.121212609112263,0,0,0,"14153,3","14153,3","14814,34","14731,54",0,756945,18952035,17075400,145872260,1779170276409.99,285037020831.58,2344,0,2,0,0,2,13,0.8247485500827014,-0.95577900872195
Chile,Singapore,CHL,SGP,0,0,0,0.0599999986588955,0.46700793504715,0.0918117761611938,0.822641015052795,0.107583418488503,0.108327984809875,0,0,0,"16402,79","16402,79","16432,16","16415,23",0,756945,18952035,646,5804343,338646194792.894,285037020831.58,237,0,0,0,0,0,1,0.8462561255667241,-0.4438352384697808
Chile,South Korea,CHL,KOR,0,0,0,0,0,0,0,0,0,0,0,0,"18375,18","18375,18","18230,14","18227,1",0,756945,18952035,99484,51225321,1482760164322.84,285037020831.58,4247,0,0,0,0,0,2,0.9980514335039051,-0.9706203944405609
Chile,Spain,CHL,ESP,1,0.980100035667419,0.792099952697754,0,0,0,0,0.819288730621338,0.818038046360016,0,1,1,"10715,11","10715,11","10747,69","10716,51",1,756945,18952035,505954,46736782,1572012697558.03,285037020831.58,22842,4701,4701,3503,5483,1717,10895,0.03181787318650851,0.5812381937190964
Chile,Turkey,CHL,TUR,0,0,0,0,0,0.10965658724308,0.9825319647789,0.128493651747704,0.129382938146591,0,0,0,"13118,55","13383,32","13298,76","13284,23",0,756945,18952035,780576,83429607,1261946143648.6,285037020831.58,1019,0,0,0,0,1,9,-0.22352127333952998,-0.801185375929871
Chile,United States,CHL,USA,0,0.158399999141693,0.133500009775162,0.212500005960464,1.6539865732193,0.110946655273438,0.994091093540192,0.246149629354477,0.246929258108139,0,0,1,"8271,045","8080,885","8338,666","8267,964",0,756945,18952035,9529106,329064917,18349108235210.1,285037020831.58,20278,1837,18840,3110,29726,8341,23416,-0.026613302527954377,0.9802982949711587
France,Argentina,FRA,ARG,0,0.133927807211876,0.0103923194110394,0.5,3.89173293113708,0.254505813121796,2.28039288520813,0.305518478155136,0.307560980319977,0,0,0,"11072,25","11072,25","10932,34","10921,86",0,547026,65129731,2766889,44780675,437813398163.194,2971919320115.83,14253,1335,1335,2760,1983,2800,5703,0.16976977797254109,0.8741572761215378
France,Australia,FRA,AUS,0,0.351933389902115,4.99959976878017e-4,0.25,1.94586646556854,0.141529113054276,1.26811242103577,0.166258364915848,0.167405545711517,0,0,0,"16975,46","16938,09","16513,02","16464,9",0,547026,65129731,7686848,25203200,1450499018770.09,2971919320115.83,9192,860,860,1780,1398,2266,9426,0.9959280680897591,0.5710644881985999
France,Brazil,FRA,BRA,0,0.00998283922672272,3.9999998989515e-4,0.5,3.89173293113708,0.294441282749176,2.63821792602539,0.345283091068268,0.347669959068298,0,0,0,"9408,406","8732,79","8681,18","8584,978",0,547026,65129731,8511920,211049519,2364445788869.69,2971919320115.83,63208,5927,5927,12241,8648,3459,13702,-0.4996638609288735,0.47121523279753796
France,Chile,FRA,CHL,0,0.128700003027916,0.00889999978244305,0.5,3.89173293113708,0.254505813121796,2.28039288520813,0.30447119474411,0.306516796350479,0,0,0,"11663,39","11663,39","11569,81","11550,63",0,547026,65129731,756945,18952035,285037020831.58,2971919320115.83,15857,1485,1628,3071,2518,6338,9224,-0.028478938442180402,0.6904757466825007
France,Great Britain,FRA,GBR,0,0.515176117420197,0,0.25,1.94586646556854,0.141529113054276,1.26811242103577,0.165841311216354,0.16698907315731,0,0,0,"342,9475","342,9475","749,6503","598,5457",0,547026,65129731,244110,67530161,2913556871434.81,2971919320115.83,176672,2478,2478,34235,9405,6113,45796,0.9875011729179415,0.9260923597695478
France,Indonesia,FRA,IDN,0,0,0,0,0,0.0501802414655685,0.449619054794312,0.0588003173470497,0.0592072680592537,0,0,0,"11584,25","11584,25","11576,7","11547,48",0,547026,65129731,1933658,270625567,1204457195676.25,2971919320115.83,5446,511,511,1055,746,1619,2211,-0.7930413625260808,-0.9999421948610748
France,Japan,FRA,JPN,0,0.0432000011205673,0,0,0,0.0253272447735071,0.226934179663658,0.0296780169010162,0.0298834145069122,0,0,0,"9725,629","9725,629","9803,116","9796,539",0,547026,65129731,377801,126860299,6187013947904.92,2971919320115.83,23536,2206,2206,4558,3222,4600,8673,0.8542484147810597,-0.7353559959288024
France,Malaysia,FRA,MYS,0,0.0972000062465668,0,0,0,0.052250050008297,0.468164712190628,0.0612256824970245,0.0616494193673134,0,0,0,"10436,4","10436,4","10553,12","10537,39",0,547026,65129731,329758,31949789,398946603155.68,2971919320115.83,2793,261,261,541,371,624,975,-0.8783573330813748,-0.9846232660466404
France,Mexico,FRA,MEX,0,0.144383415579796,0.00920000020414591,0.5,3.89173293113708,0.254505813121796,2.28039288520813,0.304681748151779,0.306726723909378,0,0,0,"9206,813","9206,813","9276,133","9264,167",0,547026,65129731,1967210,127575529,1309881765941.94,2971919320115.83,13851,1298,1298,2682,0,1842,4535,-0.09311514278910125,0.5486564414868224
France,Russia,FRA,RUS,0,0.0187856014817953,0,0.25,1.94586646556854,0.117340117692947,1.05137705802917,0.137497082352638,0.138448670506477,0,0,0,"2494,316","2494,316","3350,928","3049,666",0,547026,65129731,17075400,145872260,1779170276409.99,2971919320115.83,70463,6607,6610,13646,8834,0,8653,-0.5887582203363014,-0.44721359549995787
France,Singapore,FRA,SGP,0,0.25560000538826,0,0.0599999986588955,0.46700793504715,0.0617947280406952,0.553685784339905,0.0724099650979042,0.0729111060500145,0,0,0,"10748,26","10748,26","10734,97","10731,82",0,547026,65129731,646,5804343,338646194792.894,2971919320115.83,2512,233,233,487,262,478,766,-0.5566606632725867,-0.9546624536565248
France,South Korea,FRA,KOR,0,0,0,0,0,0,0,0,0,0,0,0,"8981,467","8981,467","9225,815","9220,22",0,547026,65129731,99484,51225321,1482760164322.84,2971919320115.83,22794,2136,2136,4414,3201,4538,7301,0.0339478492690918,-0.4961389383568338
France,Spain,FRA,ESP,0,0.320124596357346,0.00909821968525648,0.5,3.89173293113708,0.254505813121796,2.28039288520813,0.304610311985016,0.306655496358871,1,0,0,"1054,656","1054,656","958,838","817,1057",0,547026,65129731,505954,46736782,1572012697558.03,2971919320115.83,303245,0,0,58766,14023,28392,91277,0.9981821421825077,0.9899494936611665
France,Turkey,FRA,TUR,0,0.0740615651011467,9.99999974737875e-5,0,0,0.112122938036919,1.0046306848526,0.131470531225204,0.132379740476608,0,0,0,"2255,81","2600,656","2477,965","2413,325",0,547026,65129731,780576,83429607,1261946143648.6,2971919320115.83,327508,30712,30712,63426,29613,19740,61635,-0.9679380576143626,-0.12033136751923736
France,United States,FRA,USA,0,0.367260664701462,0.00150000001303852,0.287500023841858,2.23774671554565,0.158475622534752,1.41995453834534,0.186920389533043,0.188203647732735,0,0,0,"5838,157","6169,154","7456,767","7227,043",1,547026,65129731,9529106,329064917,18349108235210.1,2971919320115.83,59356,5565,16761,11495,40666,18442,50496,0.9999982583797947,0.5339929913879817
Great Britain,Argentina,GBR,ARG,0,0.0832515209913254,0,0.25,1.94586646556854,0.130525469779968,1.16951882839203,0.152947425842285,0.154005959630013,0,0,0,"11147,48","11147,48","11136,96","11128,22",0,244110,67530161,2766889,44780675,437813398163.194,2913556871434.81,12239,1298,1298,2067,1792,5646,6754,0.32297157880770794,0.6263188083736033
Great Britain,Australia,GBR,AUS,1,0.960379421710968,0.643999993801117,0,0,0,0,0.69055700302124,0.68841540813446,0,1,1,"17011,27","17001,95","16602,27","16563,96",1,244110,67530161,7686848,25203200,1450499018770.09,2913556871434.81,145692,12003,12003,26274,20070,42007,206359,0.9976890538759253,0.8385834368695713
Great Britain,Brazil,GBR,BRA,0,0.0060937600210309,0,0.25,1.94586646556854,0.0971352532505989,0.870339751243591,0.113821364939213,0.114609114825726,0,0,0,"9501,71","8797,828","8931,505","8837,089",0,244110,67530161,8511920,211049519,2364445788869.69,2913556871434.81,47487,5039,5039,8019,6858,4073,10089,-0.35689237842539484,0.10360608425945601
Great Britain,Chile,GBR,CHL,0,0.0791999995708466,0,0.25,1.94586646556854,0.130525469779968,1.16951882839203,0.152947425842285,0.154005959630013,0,0,0,"11685,42","11685,42","11689,2","11669,41",0,244110,67530161,756945,18952035,285037020831.58,2913556871434.81,8668,920,920,1464,2602,5659,6088,-0.18567071071811955,0.3665245183824907
Great Britain,France,GBR,FRA,0,0.515176117420197,0,0.25,1.94586646556854,0.141529113054276,1.26811242103577,0.165841311216354,0.16698907315731,0,0,0,"342,9475","342,9475","749,6503","598,5457",0,244110,67530161,547026,65129731,2971919320115.83,2913556871434.81,170142,20518,20518,30683,29129,34344,74051,0.9875011729179415,0.9260923597695478
Great Britain,Indonesia,GBR,IDN,0,0,0,0,0,0.0664010643959045,0.594958961009979,0.0778075903654099,0.0783460810780525,0,0,0,"11718,78","11718,78","11766,46","11742,24",0,244110,67530161,1933658,270625567,1204457195676.25,2913556871434.81,11543,1224,1224,1949,1667,3502,8653,-0.6871173325811809,-0.9219821056073615
Great Britain,Japan,GBR,JPN,0,0.11879999935627,0,0,0,0.0597609132528305,0.53546267747879,0.0700267851352692,0.0705114305019379,0,0,0,"9574,237","9574,237","9436,248","9431,94",0,244110,67530161,377801,126860299,6187013947904.92,2913556871434.81,52930,5615,5615,8938,7635,11170,18395,0.7616345248511701,-0.4253206316664749
Great Britain,Malaysia,GBR,MYS,0,0.267300009727478,0.00920000020414591,0,0,0.0622671134769917,0.557918429374695,0.0814922377467155,0.0819925665855408,0,0,0,"10559,89","10559,89","10714,89","10704,7",1,244110,67530161,329758,31949789,398946603155.68,2913556871434.81,84638,8982,8982,14292,11938,14251,24318,-0.9427179919357668,-0.9777625392276897
Great Britain,Mexico,GBR,MEX,0,0.124779604375362,0,0.25,1.94586646556854,0.130525469779968,1.16951882839203,0.152947425842285,0.154005959630013,0,0,0,"8938,404","8938,404","8734,488","8726,294",0,244110,67530161,1967210,127575529,1309881765941.94,2913556871434.81,10457,1107,1107,1766,0,1653,3124,0.06497557337636162,0.19266826419549954
Great Britain,Russia,GBR,RUS,0,0.0598604492843151,0,0.25,1.94586646556854,0.15281730890274,1.36925554275513,0.179068610072136,0.180307924747467,0,0,0,"2510,88","2510,88","3266,609","2972,27",0,244110,67530161,17075400,145872260,1779170276409.99,2913556871434.81,38917,4130,4132,6571,5206,0,5421,-0.7087983826561123,-0.07669649888473702
Great Britain,Singapore,GBR,SGP,1,0.702899992465973,0.128800004720688,0,0,0.0315765291452408,0.282928258180618,0.274968981742859,0.269951164722443,0,1,1,"10868,94","10868,94","10917,7","10917,21",1,244110,67530161,646,5804343,338646194792.894,2913556871434.81,58432,6200,6200,9867,6681,10978,16973,-0.6806373594172369,-0.9964232818427504
Great Britain,South Korea,GBR,KOR,0,0,0,0,0,0,0,0,0,0,0,1,"8875,39","8875,39","8931,778","8928,762",0,244110,67530161,99484,51225321,1482760164322.84,2913556871434.81,13171,1397,1397,2224,1944,2840,4612,-0.12399726659060457,-0.13188504524157024
Great Britain,Spain,GBR,ESP,0,0.347384095191956,0,0.25,1.94586646556854,0.130525469779968,1.16951882839203,0.152947425842285,0.154005959630013,0,0,0,"1263,379","1263,379","1435,419","1369,098",0,244110,67530161,505954,46736782,1572012697558.03,2913556871434.81,98372,29514,32290,24869,38228,65990,116615,0.9762068627035941,0.9701425001453319
Great Britain,Turkey,GBR,TUR,0,0.173290193080902,0,0,0,0.0668753162026405,0.599208295345306,0.0783633142709732,0.0789056494832039,0,0,0,"2501,886","2838,027","2915,583","2874,079",0,244110,67530161,780576,83429607,1261946143648.6,2913556871434.81,104491,11089,11089,17644,10089,8008,22633,-0.9162496525322094,0.2631174057921088
Great Britain,United States,GBR,USA,1,0.951282858848572,0.754400014877319,0.0375000238418579,0.291880160570145,0.0195788145065308,0.175427779555321,0.792153716087341,0.790715217590332,0,1,1,"5570,161","5901,343","6878,494","6655,415",1,244110,67530161,9529106,329064917,18349108235210.1,2913556871434.81,215915,0,9808,38921,51544,28212,137057,0.9872052956087577,0.17552649812318832
Indonesia,Argentina,IDN,ARG,0,0,0,0,0,0.0743691548705101,0.666353702545166,0.0871444642543793,0.0877475738525391,0,0,0,"15235,78","15235,78","15581,88","15568,05",0,1933658,270625567,2766889,44780675,437813398163.194,1204457195676.25,0,0,0,0,0,0,3,0.4656905030979335,-0.879328410484142
Indonesia,Australia,IDN,AUS,0,0,0,0,0,0.0664010643959045,0.594958961009979,0.0778075903654099,0.0783460810780525,0,0,0,"5511,902","5410,656","5077,672","4883,979",0,1933658,270625567,7686848,25203200,1450499018770.09,1204457195676.25,11325,556,556,2222,1084,0,10520,-0.734894794984597,-0.5622050503252741
Indonesia,Brazil,IDN,BRA,0,0,0,0,0,0.0768355056643486,0.688452363014221,0.0900344848632812,0.0906576067209244,0,0,0,"15644,48","16326,22","16024,37","15994,88",0,1933658,270625567,8511920,211049519,2364445788869.69,1204457195676.25,0,0,0,0,0,0,96,0.9239270592678621,-0.4806715131793514
Indonesia,Chile,IDN,CHL,0,0,0,0,0,0.0743691548705101,0.666353702545166,0.0871444642543793,0.0877475738525391,0,0,0,"15614,28","15614,28","15740,36","15716,14",0,1933658,270625567,756945,18952035,285037020831.58,1204457195676.25,0,0,0,0,0,0,0,-0.5863357317758977,-0.6982134006304032
Indonesia,France,IDN,FRA,0,0,0,0,0,0.0501802414655685,0.449619054794312,0.0588003173470497,0.0592072680592537,0,0,0,"11584,25","11584,25","11576,7","11547,48",0,1933658,270625567,547026,65129731,2971919320115.83,1204457195676.25,0,0,0,0,0,0,592,-0.7930413625260808,-0.9999421948610748
Indonesia,Great Britain,IDN,GBR,0,0,0,0,0,0.0664010643959045,0.594958961009979,0.0778075903654099,0.0783460810780525,0,0,0,"11718,78","11718,78","11766,46","11742,24",0,1933658,270625567,244110,67530161,2913556871434.81,1204457195676.25,32693,1607,1607,6414,2394,0,4757,-0.6871173325811809,-0.9219821056073615
Indonesia,Japan,IDN,JPN,0,0,0,0,0,0.0794915333390236,0.712250590324402,0.0931467711925507,0.0937914252281189,0,0,0,"5791,627","5791,627","5481,534","5443,457",0,1933658,270625567,377801,126860299,6187013947904.92,1204457195676.25,19748,970,970,3874,1592,0,6628,-0.9941393565288633,0.7425999599970691
Indonesia,Malaysia,IDN,MYS,1,0.518280327320099,0.0194346383213997,0.33500000834465,2.60746121406555,0.165996938943863,1.48734605312347,0.338403075933456,0.333824276924133,1,0,1,"1174,196","1174,196","1306,636","1053,754",0,1933658,270625567,329758,31949789,398946603155.68,1204457195676.25,2363,115,115,464,180,20,140871,0.4053886914485366,0.982688058078402
Indonesia,Mexico,IDN,MEX,0,0,0,0,0,0.0743691548705101,0.666353702545166,0.0871444642543793,0.0877475738525391,0,0,0,"16863,46","16863,46","16272,36","16234,13",0,1933658,270625567,1967210,127575529,1309881765941.94,1204457195676.25,0,0,0,0,0,0,23,0.6803653278718688,-0.5576139691526498
Indonesia,Russia,IDN,RUS,0,0,0,0,0,0.0468601286411285,0.419870555400848,0.0549098663032055,0.0552898906171322,0,0,0,"9302,706","9302,706","8698,131","8560,525",0,1933658,270625567,17075400,145872260,1779170276409.99,1204457195676.25,0,0,2,0,0,0,16,-0.02548630656097038,0.4568046849926278
Indonesia,Singapore,IDN,SGP,0,0.0579999983310699,0,0,0,0.0608499050140381,0.545220077037811,0.0713028386235237,0.0717963203787804,0,0,1,"886,1407","886,1407","1012,916","868,0961",0,1933658,270625567,646,5804343,338646194792.894,1204457195676.25,23524,1156,1156,4615,1255,0,21457,-0.06460510438037151,0.9514064817930153
Indonesia,South Korea,IDN,KOR,0,0,0,0,0,0,0,0,0,0,0,0,"5291,684","5291,684","5081,576","5063,601",0,1933658,270625567,99484,51225321,1482760164322.84,1204457195676.25,33357,1640,1640,6544,2791,0,8946,-0.6357387185454203,0.5054456670755976
Indonesia,Spain,IDN,ESP,0,0,0,0,0,0.0743691548705101,0.666353702545166,0.0871444642543793,0.0877475738525391,0,0,0,"12188,31","12188,31","12160,97","12125,58",0,1933658,270625567,505954,46736782,1572012697558.03,1204457195676.25,0,0,0,0,0,0,247,-0.8283139561543914,-0.9883716976506172
Indonesia,Turkey,IDN,TUR,0,0,0,0,0,0.0622272603213787,0.557561337947845,0.0729168057441711,0.073421448469162,0,0,0,"9452,761","9102,793","9213,942","9163,361",0,1933658,270625567,780576,83429607,1261946143648.6,1204457195676.25,0,0,0,0,0,0,55,0.9206311677667118,0.13099835149964367
Indonesia,United States,IDN,USA,0,0,0,0,0,0.0675962790846825,0.605668187141418,0.0792081281542778,0.0797563120722771,0,0,0,"16180,32","16371,12","15535,87","15476,45",0,1933658,270625567,9529106,329064917,18349108235210.1,1204457195676.25,12613,620,620,2474,3332,0,12956,-0.7941768975845136,-0.5430528768535261
Japan,Argentina,JPN,ARG,0,0,0,0,0,0.0689622163772583,0.617907047271729,0.080808699131012,0.0813679695129395,0,0,0,"18372,04","18372,04","18310,16","18297,72",0,377801,126860299,2766889,44780675,437813398163.194,6187013947904.92,3273,705,705,599,859,980,1917,-0.36729297241770426,-0.9719277893251616
Japan,Australia,JPN,AUS,0,0.116400003433228,0,0,0,0.0597609132528305,0.53546267747879,0.0700267851352692,0.0705114305019379,0,0,0,"7831,446","7958,28","7827,079","7789,92",0,377801,126860299,7686848,25203200,1450499018770.09,6187013947904.92,10892,1729,1729,2017,2388,2352,9938,0.8039033896038635,0.13637617560857357
Japan,Brazil,JPN,BRA,0,0,0,0,0,0.0416429452598095,0.373124182224274,0.0487964674830437,0.0491341799497604,0,0,0,"18549,61","17693,2","17981,98","17931,71",0,377801,126860299,8511920,211049519,2364445788869.69,6187013947904.92,189735,31377,31377,35536,40149,12114,41761,-0.8771542256546688,-0.9442379747178258
Japan,Chile,JPN,CHL,0,0,0,0,0,0.0689622163772583,0.617907047271729,0.080808699131012,0.0813679695129395,0,0,0,"17247,38","17247,38","17351,35","17345,3",0,377801,126860299,756945,18952035,285037020831.58,6187013947904.92,0,0,0,0,33,113,135,0.4953260775334681,-0.9979498003466466
Japan,France,JPN,FRA,0,0.0432000011205673,0,0,0,0.0253272447735071,0.226934179663658,0.0296780169010162,0.0298834145069122,0,0,0,"9725,629","9725,629","9803,116","9796,54",0,377801,126860299,547026,65129731,2971919320115.83,6187013947904.92,12206,2878,2878,2187,3503,2627,6720,0.8542484147810597,-0.7353559959288024
Japan,Great Britain,JPN,GBR,0,0.11879999935627,0,0,0,0.0597609132528305,0.53546267747879,0.0700267851352692,0.0705114305019379,0,0,0,"9574,237","9574,237","9436,248","9431,94",0,377801,126860299,244110,67530161,2913556871434.81,6187013947904.92,17255,2379,2379,3243,3537,1631,8826,0.7616345248511701,-0.4253206316664749
Japan,Indonesia,JPN,IDN,0,0,0,0,0,0.0794915333390236,0.712250590324402,0.0931467711925507,0.0937914252281189,0,0,0,"5791,627","5791,627","5481,534","5443,457",0,377801,126860299,1933658,270625567,1204457195676.25,6187013947904.92,44937,21259,21259,7358,23025,25633,32492,-0.9941393565288633,0.7425999599970691
Japan,Malaysia,JPN,MYS,0,0.0324000008404255,0,0,0,0.0756952837109566,0.67823588848114,0.0886983871459961,0.0893122628331184,0,0,0,"5329,095","5329,095","4967,821","4913,137",0,377801,126860299,329758,31949789,398946603155.68,6187013947904.92,9526,1781,1781,1790,2182,4383,7556,-0.5018374865153056,0.6056636958559963
Japan,Mexico,JPN,MEX,0,0.00600000005215406,0,0,0,0.0689622163772583,0.617907047271729,0.080808699131012,0.0813679695129395,0,0,0,"11312,39","11312,39","11098,87","11044,71",0,377801,126860299,1967210,127575529,1309881765941.94,6187013947904.92,2416,594,594,439,0,535,1256,-0.5971498565814584,-0.9700316014726046
Japan,Russia,JPN,RUS,0,0.00600000005215406,0,0,0,0.070859432220459,0.63490629196167,0.0830318257212639,0.0836064741015434,0,0,0,"7486,303","7486,303","6683,27","6034,677",0,377801,126860299,17075400,145872260,1779170276409.99,6187013947904.92,8710,1026,1028,1658,1331,0,1026,-0.08273409423136228,0.9349975263177833
Japan,Singapore,JPN,SGP,0,0.0851999968290329,0,0,0,0.062500461935997,0.560009241104126,0.0732369348406792,0.0737437978386879,0,0,0,"5326,388","5326,388","5167,93","5146,773",0,377801,126860299,646,5804343,338646194792.894,6187013947904.92,2735,589,589,501,596,685,1056,-0.04365383003138972,0.5002775978746292
Japan,South Korea,JPN,KOR,0,0,0,0,0,0,0,0,0,0,0,0,"1156,67","1156,67","951,7373","843,8443",1,377801,126860299,99484,51225321,1482760164322.84,6187013947904.92,475166,0,0,93794,23455,20736,77399,0.5485652757228296,0.9532306376993182
Japan,Spain,JPN,ESP,0,0.0324000008404255,0,0,0,0.0689622163772583,0.617907047271729,0.080808699131012,0.0813679695129395,0,0,0,"10777,42","10777,42","10684,76","10671,17",0,377801,126860299,505954,46736782,1572012697558.03,6187013947904.92,2883,922,922,511,1085,1087,2231,0.8840275109301475,-0.632126727471794
Japan,Turkey,JPN,TUR,0,0.0203999988734722,0,0,0,0.0818630009889603,0.73349916934967,0.0959256142377853,0.0965895056724548,0,0,0,"8958,844","8777,496","8718,032","8707,608",0,377801,126860299,780576,83429607,1261946143648.6,6187013947904.92,0,0,0,0,2,0,241,-0.9574439304825344,0.7612432304867113
Japan,United States,JPN,USA,0,0.115199998021126,0,0,0,0.0611411109566689,0.547829329967499,0.0716440677642822,0.0721399039030075,0,0,0,"10855,59","10918,79","10286,19","10193,96",0,377801,126860299,9529106,329064917,18349108235210.1,6187013947904.92,56321,6069,21868,10710,46810,986,49241,0.8552171736228645,-0.9656467267020753
Malaysia,Argentina,MYS,ARG,0,0,0,0,0,0.0840988308191299,0.753532350063324,0.0985455140471458,0.0992275476455688,0,0,0,"15970,66","15970,66","16333,03","16320,67",0,329758,31949789,2766889,44780675,437813398163.194,398946603155.68,0,0,0,0,0,0,0,-0.6201842931122435,-0.7758780338770095
Malaysia,Australia,MYS,AUS,0,0.267657190561295,0.0126600991934538,0,0,0.0622671134769917,0.557918429374695,0.0846998766064644,0.0851984545588493,0,0,0,"6617,087","6532,159","6084,2","5956,039",0,329758,31949789,7686848,25203200,1450499018770.09,398946603155.68,6076,346,346,1191,589,370,18142,-0.9178735274395066,-0.7056883164911604
Malaysia,Brazil,MYS,BRA,0,0,0,0,0,0.0588616654276848,0.527405321598053,0.0689730569720268,0.0694504082202911,0,0,0,"15940,63","16420,49","16193,42","16164,04",0,329758,31949789,8511920,211049519,2364445788869.69,398946603155.68,0,0,0,0,0,0,18,0.024826566811781938,-0.30988863220338464
Malaysia,Chile,MYS,CHL,0,0,0,0,0,0.0840988308191299,0.753532350063324,0.0985455140471458,0.0992275476455688,0,0,0,"16562,12","16562,12","16649,88","16632,83",0,329758,31949789,756945,18952035,285037020831.58,398946603155.68,0,0,0,0,0,0,0,0.5028253999999989,-0.553494618981557
Malaysia,France,MYS,FRA,0,0.0972000062465668,0,0,0,0.052250050008297,0.468164712190628,0.0612256824970245,0.0616494193673134,0,0,0,"10436,4","10436,4","10553,12","10537,39",0,329758,31949789,547026,65129731,2971919320115.83,398946603155.68,0,0,0,0,0,0,343,-0.8783573330813748,-0.9846232660466404
Malaysia,Great Britain,MYS,GBR,0,0.267300009727478,0.00920000020414591,0,0,0.0622671134769917,0.557918429374695,0.0814922377467155,0.0819925665855408,0,0,0,"10559,89","10559,89","10714,89","10704,7",1,329758,31949789,244110,67530161,2913556871434.81,398946603155.68,11273,643,643,2209,839,0,9269,-0.9427179919357668,-0.9777625392276897
Malaysia,Indonesia,MYS,IDN,1,0.518280327320099,0.0194346383213997,0.33500000834465,2.60746121406555,0.165996938943863,1.48734605312347,0.338403075933456,0.333824276924133,1,0,1,"1174,196","1174,196","1306,636","1053,754",0,329758,31949789,1933658,270625567,1204457195676.25,398946603155.68,1225156,69957,69957,240067,99736,166591,309024,0.4053886914485366,0.982688058078402
Malaysia,Japan,MYS,JPN,0,0.0324000008404255,0,0,0,0.0756952837109566,0.67823588848114,0.0886983871459961,0.0893122628331184,0,0,0,"5329,095","5329,095","4967,821","4913,138",0,329758,31949789,377801,126860299,6187013947904.92,398946603155.68,18825,1074,1074,3689,1540,944,4336,-0.5018374865153056,0.6056636958559963
Malaysia,Mexico,MYS,MEX,0,0.0135000003501773,0,0,0,0.0840988308191299,0.753532350063324,0.0985455140471458,0.0992275476455688,0,0,0,"16641,12","16641,12","16024,15","15982,06",0,329758,31949789,1967210,127575529,1309881765941.94,398946603155.68,0,0,0,0,0,0,7,-0.3941394651423815,-0.3941696639681784
Malaysia,Russia,MYS,RUS,0,0.0135000003501773,0,0,0,0.0766609758138657,0.686888575553894,0.0898299738764763,0.0904516726732254,0,0,0,"8130,454","8130,454","7647,654","7520,277",0,329758,31949789,17075400,145872260,1779170276409.99,398946603155.68,0,0,2,0,0,0,145,0.903515612782744,0.28408832969137393
Malaysia,Singapore,MYS,SGP,0,0.42030468583107,0.0862575545907021,0,0,0.0353275835514069,0.316538035869598,0.124083057045937,0.12434484064579,1,1,1,"315,5433","315,5433","505,5376","184,7202",1,329758,31949789,646,5804343,338646194792.894,398946603155.68,91002,5196,5196,17832,4942,3492,145455,0.8860445031382426,0.9919867710563803
Malaysia,South Korea,MYS,KOR,0,0,0,0,0,0,0,0,0,0,0,0,"4614,067","4614,067","4418,149","4395,557",0,329758,31949789,99484,51225321,1482760164322.84,398946603155.68,3917,223,223,768,332,190,932,0.44791073620248617,0.336835484131157
Malaysia,Spain,MYS,ESP,0,0.0729000046849251,0,0,0,0.0840988308191299,0.753532350063324,0.0985455140471458,0.0992275476455688,0,0,0,"11084,66","11084,66","11174,05","11149,57",0,329758,31949789,505954,46736782,1572012697558.03,398946603155.68,0,0,0,0,0,0,99,-0.8479515125898669,-0.999432373578559
Malaysia,Turkey,MYS,TUR,0,0.0459000021219254,0,0,0,0.077625647187233,0.695532143115997,0.0909603610634804,0.0915898829698563,0,0,0,"8344,665","7997,892","8232,465","8195,544",0,329758,31949789,780576,83429607,1261946143648.6,398946603155.68,0,0,0,0,11,4,35,0.7301259912224927,-0.0549408160116321
Malaysia,United States,MYS,USA,0,0.259200006723404,0.00820000004023314,0,0,0.0655418783426285,0.587260544300079,0.0843710452318192,0.0848982110619545,0,0,0,"15130,12","15357,34","14859,51","14818,76",0,329758,31949789,9529106,329064917,18349108235210.1,398946603155.68,0,0,0,0,966,0,8776,-0.8774636826300516,-0.3780824313523532
Mexico,Argentina,MEX,ARG,1,0.980100035667419,0.883199989795685,0,0,0,0,0.898474872112274,0.897772252559662,0,1,1,"7397,651","7397,651","7533,986","7460,572",0,1967210,127575529,2766889,44780675,437813398163.194,1309881765941.94,15918,1474,1474,3117,1965,2939,4938,0.965394028529442,0.8856327784413391
Mexico,Australia,MEX,AUS,0,0.0673397034406662,0,0.25,1.94586646556854,0.130525469779968,1.16951882839203,0.152947425842285,0.154005959630013,0,0,0,"12985,17","13185,67","13430,11","13362,18",0,1967210,127575529,7686848,25203200,1450499018770.09,1309881765941.94,474,42,42,93,63,150,917,-0.0029762151477561623,-0.37299786899349663
Mexico,Brazil,MEX,BRA,0,0.0593999996781349,0,0.75,5.83759927749634,0.424397647380829,3.80263757705688,0.497301667928696,0.500743389129639,0,0,0,"7439,636","6841,765","7621,778","7513,794",0,1967210,127575529,8511920,211049519,2364445788869.69,1309881765941.94,6643,614,614,1301,802,294,1486,0.9089822359827243,0.9959447932691248
Mexico,Chile,MEX,CHL,1,0.980100035667419,0.81879997253418,0,0,0,0,0.842496991157532,0.841406881809235,0,1,1,"6621,323","6621,323","6966,903","6886,097",0,1967210,127575529,756945,18952035,285037020831.58,1309881765941.94,6404,593,593,1254,845,2964,4262,-0.9925996816642991,0.9835938575814175
Mexico,France,MEX,FRA,0,0.144383415579796,0.00920000020414591,0.5,3.89173293113708,0.254505813121796,2.28039288520813,0.304681748151779,0.306726723909378,0,0,0,"9206,813","9206,813","9276,133","9264,167",0,1967210,127575529,547026,65129731,2971919320115.83,1309881765941.94,10081,934,934,1974,1308,1397,4112,-0.09311514278910125,0.5486564414868224
Mexico,Great Britain,MEX,GBR,0,0.124779604375362,0,0.25,1.94586646556854,0.130525469779968,1.16951882839203,0.152947425842285,0.154005959630013,0,0,0,"8938,404","8938,404","8734,489","8726,294",0,1967210,127575529,244110,67530161,2913556871434.81,1309881765941.94,3699,341,341,724,3150,3861,4903,0.06497557337636162,0.19266826419549954
Mexico,Indonesia,MEX,IDN,0,0,0,0,0,0.0743691548705101,0.666353702545166,0.0871444642543793,0.0877475738525391,0,0,0,"16863,46","16863,46","16272,36","16234,13",0,1967210,127575529,1933658,270625567,1204457195676.25,1309881765941.94,167,15,15,33,20,389,369,0.6803653278718688,-0.5576139691526498
Mexico,Japan,MEX,JPN,0,0.00600000005215406,0,0,0,0.0689622163772583,0.617907047271729,0.080808699131012,0.0813679695129395,0,0,0,"11312,39","11312,39","11098,87","11044,71",0,1967210,127575529,377801,126860299,6187013947904.92,1309881765941.94,3926,363,363,769,476,732,1462,-0.5971498565814584,-0.9700316014726046
Mexico,Malaysia,MEX,MYS,0,0.0135000003501773,0,0,0,0.0840988308191299,0.753532350063324,0.0985455140471458,0.0992275476455688,0,0,0,"16641,12","16641,12","16024,15","15982,06",0,1967210,127575529,329758,31949789,398946603155.68,1309881765941.94,58,3,3,12,4,8,15,-0.3941394651423815,-0.3941696639681784
Mexico,Russia,MEX,RUS,0,0.00250000017695129,0,0.25,1.94586646556854,0.102731950581074,0.920486629009247,0.120379477739334,0.121212609112263,0,0,0,"10736,3","10736,3","10815,05","10778,4",0,1967210,127575529,17075400,145872260,1779170276409.99,1309881765941.94,1740,160,162,341,190,0,216,-0.7499750683574428,-0.9931506043228763
Mexico,Singapore,MEX,SGP,0,0.0355000011622906,0,0.0599999986588955,0.46700793504715,0.0918117761611938,0.822641015052795,0.107583418488503,0.108327984809875,0,0,0,"16623,59","16623,59","16243,44","16214,48",0,1967210,127575529,646,5804343,338646194792.894,1309881765941.94,50,3,3,10,3,355,323,-0.7752971609433743,-0.2748982320841649
Mexico,South Korea,MEX,KOR,0,0,0,0,0,0,0,0,0,0,0,0,"12066,01","12066,01","11711,42","11669,87",0,1967210,127575529,99484,51225321,1482760164322.84,1309881765941.94,1948,178,178,382,241,367,605,-0.9982425158024613,-0.9981026894736714
Mexico,Spain,MEX,ESP,1,0.980368673801422,0.81879997253418,0,0,0,0,0.842496991157532,0.841406881809235,0,1,1,"9073,951","9073,951","9144,438","9131,799",1,1967210,127575529,505954,46736782,1572012697558.03,1309881765941.94,23589,2187,2187,4619,3245,4425,12934,-0.15295350940500516,0.42490713701387073
Mexico,Turkey,MEX,TUR,0,0.008500000461936,0,0,0,0.10965658724308,0.9825319647789,0.128493651747704,0.129382938146591,0,0,0,"11437,28","11765,04","11613,61","11599,86",0,1967210,127575529,780576,83429607,1261946143648.6,1309881765941.94,294,26,26,58,23,15,84,0.3402273671741801,-0.8959935843890054
Mexico,United States,MEX,USA,0,0.198796808719635,0.138000011444092,0.212500005960464,1.6539865732193,0.110946655273438,0.994091093540192,0.250064611434937,0.250840187072754,1,0,1,"3369,053","3037,916","2468,405","1623,72",0,1967210,127575529,9529106,329064917,18349108235210.1,1309881765941.94,762290,70746,860939,149264,232179,28582,1404933,-0.09497321532102554,0.9998479254487966
Russia,Argentina,RUS,ARG,0,3.9999998989515e-4,0,0.25,1.94586646556854,0.102731950581074,0.920486629009247,0.120379477739334,0.121212609112263,0,0,0,"13505,36","13505,36","14195,33","14105,4",0,17075400,145872260,2766889,44780675,437813398163.194,1779170276409.99,251,0,0,52,15,1154,1395,-0.896528931383415,-0.8253072612498317
Russia,Australia,RUS,AUS,0,0.0485000014305115,0,0.25,1.94586646556854,0.15281730890274,1.36925554275513,0.179068610072136,0.180307924747467,0,0,0,"14503,07","14491,46","13424,9","13270,88",0,17075400,145872260,7686848,25203200,1450499018770.09,1779170276409.99,542,0,0,111,41,5109,8707,-0.6592310797663249,0.47885213068057325
Russia,Brazil,RUS,BRA,0,9.99999974737875e-5,0,0.25,1.94586646556854,0.093720331788063,0.839741826057434,0.109819829463959,0.110579870641232,0,0,0,"11820,15","11192,67","11942,46","11770,14",0,17075400,145872260,8511920,211049519,2364445788869.69,1779170276409.99,432,0,0,89,25,206,483,-0.4059918914665393,-0.9996349698728535
Russia,Chile,RUS,CHL,0,0,0,0.25,1.94586646556854,0.102731950581074,0.920486629009247,0.120379477739334,0.121212609112263,0,0,0,"14153,3","14153,3","14814,34","14731,54",0,17075400,145872260,756945,18952035,285037020831.58,1779170276409.99,106,0,0,22,209,813,731,0.8247485500827014,-0.95577900872195
Russia,France,RUS,FRA,0,0.0187856014817953,0,0.25,1.94586646556854,0.117340117692947,1.05137705802917,0.137497082352638,0.138448670506477,0,0,0,"2494,316","2494,316","3350,928","3049,666",0,17075400,145872260,547026,65129731,2971919320115.83,1779170276409.99,2566,0,0,526,188,7536,17096,-0.5887582203363014,-0.44721359549995787
Russia,Great Britain,RUS,GBR,0,0.0598604492843151,0,0.25,1.94586646556854,0.15281730890274,1.36925554275513,0.179068610072136,0.180307924747467,0,0,0,"2510,88","2510,88","3266,609","2972,27",0,17075400,145872260,244110,67530161,2913556871434.81,1779170276409.99,1740,0,0,357,1784,14926,19477,-0.7087983826561123,-0.07669649888473702
Russia,Indonesia,RUS,IDN,0,0,0,0,0,0.0468601286411285,0.419870555400848,0.0549098663032055,0.0552898906171322,0,0,0,"9302,706","9302,706","8698,131","8560,525",0,17075400,145872260,1933658,270625567,1204457195676.25,1779170276409.99,162,0,0,33,8,100,114,-0.02548630656097038,0.4568046849926278
Russia,Japan,RUS,JPN,0,0.00600000005215406,0,0,0,0.070859432220459,0.63490629196167,0.0830318257212639,0.0836064741015434,0,0,0,"7486,303","7486,303","6683,27","6034,677",0,17075400,145872260,377801,126860299,6187013947904.92,1779170276409.99,1024,0,0,210,63,438,1691,-0.08273409423136228,0.9349975263177833
Russia,Malaysia,RUS,MYS,0,0.0135000003501773,0,0,0,0.0766609758138657,0.686888575553894,0.0898299738764763,0.0904516726732254,0,0,0,"8130,454","8130,454","7647,654","7520,277",0,17075400,145872260,329758,31949789,398946603155.68,1779170276409.99,1555,0,0,319,91,551,714,0.903515612782744,0.28408832969137393
Russia,Mexico,RUS,MEX,0,0.00250000017695129,0,0.25,1.94586646556854,0.102731950581074,0.920486629009247,0.120379477739334,0.121212609112263,0,0,0,"10736,3","10736,3","10815,05","10778,4",0,17075400,145872260,1967210,127575529,1309881765941.94,1779170276409.99,203,0,0,42,0,133,384,-0.7499750683574428,-0.9931506043228763
Russia,Singapore,RUS,SGP,0,0.0355000011622906,0,0.0599999986588955,0.46700793504715,0.063638761639595,0.570208489894867,0.0745707750320435,0.0750868692994118,0,0,0,"8431,775","8431,775","7858,916","7748,278",0,17075400,145872260,646,5804343,338646194792.894,1779170276409.99,49,0,0,10,0,29,45,0.9992333035161913,0.16067560208171103
Russia,South Korea,RUS,KOR,0,0,0,0,0,0,0,0,0,0,0,0,"6614,064","6614,064","6009,905","5304,06",0,17075400,145872260,99484,51225321,1482760164322.84,1779170276409.99,3720,0,0,762,245,5532,6137,0.7878562168452656,0.9984603532054124
Russia,Spain,RUS,ESP,0,0.0235623009502888,0,0.25,1.94586646556854,0.102731950581074,0.920486629009247,0.120379477739334,0.121212609112263,0,0,0,"3449,3","3449,3","4180,506","3901,271",0,17075400,145872260,505954,46736782,1572012697558.03,1779170276409.99,1393,0,0,286,112,3211,15799,-0.5389715611978326,-0.3162277660168379
Russia,Turkey,RUS,TUR,0,0.0188109986484051,0,0,0,0.112692065536976,1.00973010063171,0.132050573825836,0.132964476943016,0,0,0,"1757,71","1796,546","2422,068","2099,337",0,17075400,145872260,780576,83429607,1261946143648.6,1779170276409.99,10234,0,0,2097,420,2004,6622,0.36684310463947406,0.9417419115948373
Russia,United States,RUS,USA,0,0.0482856035232544,0,0.25,1.94586646556854,0.145304515957832,1.3019403219223,0.170265257358551,0.17144364118576,0,0,0,"7517,972","7834,547","8915,321","8795,135",0,17075400,145872260,9529106,329064917,18349108235210.1,1779170276409.99,4586,0,0,940,6304,89831,139404,-0.5872486124751075,-0.9950371902099892
Singapore,Argentina,SGP,ARG,0,0,0,0.0599999986588955,0.46700793504715,0.0918117761611938,0.822641015052795,0.107583418488503,0.108327984809875,0,0,0,"15891,11","15891,11","16120,1","16110,5",0,646,5804343,2766889,44780675,437813398163.194,338646194792.894,0,0,0,0,0,0,1,-0.9131849033997146,-0.6899538710058457
Singapore,Australia,SGP,AUS,1,0.695610880851746,0.109906397759914,0,0,0.0315765291452408,0.282928258180618,0.259245336055756,0.254118680953979,0,1,1,"6301,786","6217,666","5893,497","5773,683",0,646,5804343,7686848,25203200,1450499018770.09,338646194792.894,8584,161,161,2046,545,322,9314,-0.6292863888308808,-0.7895494583010967
Singapore,Brazil,SGP,BRA,0,0,0,0.0599999986588955,0.46700793504715,0.0556820146739483,0.498915374279022,0.0652472004294395,0.0656987652182579,0,0,0,"16000,61","16540,27","16065,5","16048,86",0,646,5804343,8511920,211049519,2364445788869.69,338646194792.894,0,0,0,0,0,0,16,-0.44145985545207184,-0.18728308530953147
Singapore,Chile,SGP,CHL,0,0,0,0.0599999986588955,0.46700793504715,0.0918117761611938,0.822641015052795,0.107583418488503,0.108327984809875,0,0,0,"16402,79","16402,79","16432,16","16415,23",0,646,5804343,756945,18952035,285037020831.58,338646194792.894,0,0,0,0,0,0,0,0.8462561255667241,-0.4438352384697808
Singapore,France,SGP,FRA,0,0.25560000538826,0,0.0599999986588955,0.46700793504715,0.0617947280406952,0.553685784339905,0.0724099650979042,0.0729111060500145,0,0,0,"10748,26","10748,26","10734,97","10731,82",0,646,5804343,547026,65129731,2971919320115.83,338646194792.894,0,0,0,0,0,0,284,-0.5566606632725867,-0.9546624536565248
Singapore,Great Britain,SGP,GBR,1,0.702899992465973,0.128800004720688,0,0,0.0315765291452408,0.282928258180618,0.274968981742859,0.269951164722443,0,1,1,"10868,94","10868,94","10917,7","10917,21",1,646,5804343,244110,67530161,2913556871434.81,338646194792.894,0,0,0,0,24,0,5755,-0.6806373594172369,-0.9964232818427504
Singapore,Indonesia,SGP,IDN,0,0.0579999983310699,0,0,0,0.0608499050140381,0.545220077037811,0.0713028386235237,0.0717963203787804,0,0,1,"886,1407","886,1407","1012,916","868,0961",0,646,5804343,1933658,270625567,1204457195676.25,338646194792.894,138338,2546,2546,32196,6033,17411,39075,-0.06460510438037151,0.9514064817930153
Singapore,Japan,SGP,JPN,0,0.0851999968290329,0,0,0,0.062500461935997,0.560009241104126,0.0732369348406792,0.0737437978386879,0,0,0,"5326,388","5326,388","5167,93","5146,773",0,646,5804343,377801,126860299,6187013947904.92,338646194792.894,0,0,0,0,0,0,356,-0.04365383003138972,0.5002775978746292
Singapore,Malaysia,SGP,MYS,0,0.42030468583107,0.0862575545907021,0,0,0.0353275835514069,0.316538035869598,0.124083057045937,0.12434484064579,1,1,1,"315,5433","315,5433","505,5376","184,7202",1,646,5804343,329758,31949789,398946603155.68,338646194792.894,952261,18066,18066,228425,38799,36768,181150,0.8860445031382426,0.9919867710563803
Singapore,Mexico,SGP,MEX,0,0.0355000011622906,0,0.0599999986588955,0.46700793504715,0.0918117761611938,0.822641015052795,0.107583418488503,0.108327984809875,0,0,0,"16623,59","16623,59","16243,44","16214,48",0,646,5804343,1967210,127575529,1309881765941.94,338646194792.894,0,0,0,0,0,0,12,-0.7752971609433743,-0.2748982320841649
Singapore,Russia,SGP,RUS,0,0.0355000011622906,0,0.0599999986588955,0.46700793504715,0.063638761639595,0.570208489894867,0.0745707750320435,0.0750868692994118,0,0,0,"8431,775","8431,775","7858,916","7748,278",0,646,5804343,17075400,145872260,1779170276409.99,338646194792.894,0,0,2,0,0,0,13,0.9992333035161913,0.16067560208171103
Singapore,South Korea,SGP,KOR,0,0,0,0,0,0,0,0,0,0,0,1,"4676,683","4676,683","4632,103","4631,185",0,646,5804343,99484,51225321,1482760164322.84,338646194792.894,0,0,0,0,0,0,45,0.8113637088221002,0.21517753103661566
Singapore,Spain,SGP,ESP,0,0.191699996590614,0,0.0599999986588955,0.46700793504715,0.0918117761611938,0.822641015052795,0.107583418488503,0.108327984809875,0,0,0,"11400,13","11400,13","11336,64","11326,67",0,646,5804343,505954,46736782,1572012697558.03,338646194792.894,0,0,0,0,0,0,72,-0.5055804614573847,-0.9871673987372203
Singapore,Turkey,SGP,TUR,0,0.120699994266033,0,0,0,0.0702636763453484,0.62956827878952,0.0823337361216545,0.0829035490751266,0,0,0,"8660,153","8313,423","8384,909","8369,075",0,646,5804343,780576,83429607,1261946143648.6,338646194792.894,0,0,0,0,2,0,23,0.3301402927962431,-0.1806515203283326
Singapore,United States,SGP,USA,1,0.681599974632263,0.114799998700619,0.00900000333786011,0.0700512155890465,0.0406118184328079,0.363885194063187,0.27268984913826,0.267656236886978,0,1,1,"15350,5","15564,31","15122,62","15087,26",0,646,5804343,9529106,329064917,18349108235210.1,338646194792.894,14543,266,2893,3371,6919,0,6819,-0.5551092477806766,-0.2580890936895328
South Korea,Argentina,KOR,ARG,0,0,0,0,0,0,0,0,0,0,0,0,"19447,35","19447,35","19146,65","19137,75",0,99484,51225321,2766889,44780675,437813398163.194,1482760164322.84,0,0,0,0,0,16,997,-0.9791524043946334,-0.8553596074489095
South Korea,Australia,KOR,AUS,0,0,0,0,0,0,0,0,0,0,0,1,"8329,652","8418,786","8112,907","8080,573",0,99484,51225321,7686848,25203200,1450499018770.09,1482760164322.84,5078,2062,2062,726,2221,2445,15858,-0.05628986713952317,0.4294179828764027
South Korea,Brazil,KOR,BRA,0,0,0,0,0,0,0,0,0,0,0,0,"18364,51","17565,08","17793,04","17741,18",0,99484,51225321,8511920,211049519,2364445788869.69,1482760164322.84,0,0,0,0,0,0,1123,-0.8826826162831999,-0.9995945275658449
South Korea,Chile,KOR,CHL,0,0,0,0,0,0,0,0,0,0,0,0,"18375,18","18375,18","18230,14","18227,1",0,99484,51225321,756945,18952035,285037020831.58,1482760164322.84,0,0,0,0,12,98,87,0.9980514335039051,-0.9706203944405609
South Korea,France,KOR,FRA,0,0,0,0,0,0,0,0,0,0,0,0,"8981,467","8981,467","9225,815","9220,22",0,99484,51225321,547026,65129731,2971919320115.83,1482760164322.84,2363,751,751,380,817,679,3461,0.0339478492690918,-0.4961389383568338
South Korea,Great Britain,KOR,GBR,0,0,0,0,0,0,0,0,0,0,0,1,"8875,39","8875,39","8931,778","8928,762",0,99484,51225321,244110,67530161,2913556871434.81,1482760164322.84,4858,2030,2030,782,2770,2076,3820,-0.12399726659060457,-0.13188504524157024
South Korea,Indonesia,KOR,IDN,0,0,0,0,0,0,0,0,0,0,0,0,"5291,684","5291,684","5081,576","5063,601",0,99484,51225321,1933658,270625567,1204457195676.25,1482760164322.84,32310,8033,8033,8623,9233,12924,22015,-0.6357387185454203,0.5054456670755976
South Korea,Japan,KOR,JPN,0,0,0,0,0,0,0,0,0,0,0,0,"1156,67","1156,67","951,7373","843,8443",1,99484,51225321,377801,126860299,6187013947904.92,1482760164322.84,22893,4834,6403,3613,5309,5228,61656,0.5485652757228296,0.9532306376993182
South Korea,Malaysia,KOR,MYS,0,0,0,0,0,0,0,0,0,0,0,0,"4614,067","4614,067","4418,149","4395,557",0,99484,51225321,329758,31949789,398946603155.68,1482760164322.84,1400,597,597,223,620,2000,2616,0.44791073620248617,0.336835484131157
South Korea,Mexico,KOR,MEX,0,0,0,0,0,0,0,0,0,0,0,0,"12066,01","12066,01","11711,42","11669,87",0,99484,51225321,1967210,127575529,1309881765941.94,1482760164322.84,0,0,0,0,0,1,241,-0.9982425158024613,-0.9981026894736714
South Korea,Russia,KOR,RUS,0,0,0,0,0,0,0,0,0,0,0,0,"6614,064","6614,064","6009,905","5304,06",0,99484,51225321,17075400,145872260,1779170276409.99,1482760164322.84,4545,2347,2350,640,2340,298,1443,0.7878562168452656,0.9984603532054124
South Korea,Singapore,KOR,SGP,0,0,0,0,0,0,0,0,0,0,0,1,"4676,683","4676,683","4632,103","4631,185",0,99484,51225321,646,5804343,338646194792.894,1482760164322.84,0,0,0,0,0,111,153,0.8113637088221002,0.21517753103661566
South Korea,Spain,KOR,ESP,0,0,0,0,0,0,0,0,0,0,0,0,"10012,64","10012,64","10101,71","10087,7",0,99484,51225321,505954,46736782,1572012697558.03,1482760164322.84,0,0,0,0,0,63,571,0.09412088462140626,-0.36836436810895234
South Korea,Turkey,KOR,TUR,0,0,0,0,0,0,0,0,0,0,0,0,"7967,701","7759,101","7937,729","7927,249",0,99484,51225321,780576,83429607,1261946143648.6,1482760164322.84,0,0,0,0,3,0,62,-0.28390363713195255,0.9216353751380653
South Korea,United States,KOR,USA,0,0,0,0,0,0,0,0,0,0,0,1,"11065,7","11185,97","10682,86","10624,66",0,99484,51225321,9529106,329064917,18349108235210.1,1482760164322.84,67819,13520,34761,11173,42886,4614,130599,0.03581305771215517,-0.9990246576361957
Spain,Argentina,ESP,ARG,1,0.980139851570129,0.854458212852478,0,0,0,0,0.873491883277893,0.872616350650787,0,1,1,"10065,85","10065,85","10079,66","10055,9",1,505954,46736782,2766889,44780675,437813398163.194,1572012697558.03,259946,33080,33080,51600,44780,48462,92352,0.11006656085401215,0.7966912709023962
Spain,Australia,ESP,AUS,0,0.276957243680954,1.99999994947575e-4,0.25,1.94586646556854,0.130525469779968,1.16951882839203,0.153116837143898,0.154175162315369,0,0,0,"17699,45","17591,48","17072,92","17016,02",0,505954,46736782,7686848,25203200,1450499018770.09,1572012697558.03,6606,2230,2230,1306,2615,4488,8555,0.988684231097517,0.6814185279188428
Spain,Brazil,ESP,BRA,0,0.0695584788918495,1.99999994947575e-4,0.75,5.83759927749634,0.424397647380829,3.80263757705688,0.497402191162109,0.500843226909637,0,0,0,"8389,78","7743,538","7821,086","7696,928",0,505954,46736782,8511920,211049519,2364445788869.69,1572012697558.03,109552,34057,34057,20323,38381,22745,40477,-0.5509621408918305,0.3417430630867045
Spain,Chile,ESP,CHL,1,0.980100035667419,0.792099952697754,0,0,0,0,0.819288730621338,0.818038046360016,0,1,1,"10715,11","10715,11","10747,69","10716,51",1,505954,46736782,756945,18952035,285037020831.58,1572012697558.03,56704,7398,7398,11146,10726,23119,31448,0.03181787318650851,0.5812381937190964
Spain,France,ESP,FRA,0,0.320124596357346,0.00909821968525648,0.5,3.89173293113708,0.254505813121796,2.28039288520813,0.304610311985016,0.306655496358871,1,0,0,"1054,656","1054,656","958,838","817,1057",0,505954,46736782,547026,65129731,2971919320115.83,1572012697558.03,209344,17681,22097,41735,28521,19897,82654,0.9981821421825077,0.9899494936611665
Spain,Great Britain,ESP,GBR,0,0.347384095191956,0,0.25,1.94586646556854,0.130525469779968,1.16951882839203,0.152947425842285,0.154005959630013,0,0,0,"1263,379","1263,379","1435,419","1369,098",0,505954,46736782,244110,67530161,2913556871434.81,1572012697558.03,302020,0,0,62691,9605,1755,52748,0.9762068627035941,0.9701425001453319
Spain,Indonesia,ESP,IDN,0,0,0,0,0,0.0743691548705101,0.666353702545166,0.0871444642543793,0.0877475738525391,0,0,0,"12188,31","12188,31","12160,97","12125,58",0,505954,46736782,1933658,270625567,1204457195676.25,1572012697558.03,2007,677,677,397,761,1068,1312,-0.8283139561543914,-0.9883716976506172
Spain,Japan,ESP,JPN,0,0.0324000008404255,0,0,0,0.0689622163772583,0.617907047271729,0.080808699131012,0.0813679695129395,0,0,0,"10777,42","10777,42","10684,76","10671,17",0,505954,46736782,377801,126860299,6187013947904.92,1572012697558.03,6349,2143,2143,1256,2396,2483,3653,0.8840275109301475,-0.632126727471794
Spain,Malaysia,ESP,MYS,0,0.0729000046849251,0,0,0,0.0840988308191299,0.753532350063324,0.0985455140471458,0.0992275476455688,0,0,0,"11084,66","11084,66","11174,05","11149,57",0,505954,46736782,329758,31949789,398946603155.68,1572012697558.03,623,209,209,123,232,330,427,-0.8479515125898669,-0.999432373578559
Spain,Mexico,ESP,MEX,1,0.980368673801422,0.81879997253418,0,0,0,0,0.842496991157532,0.841406881809235,0,1,1,"9073,951","9073,951","9144,438","9131,799",1,505954,46736782,1967210,127575529,1309881765941.94,1572012697558.03,53158,12241,12241,9960,0,11831,20184,-0.15295350940500516,0.42490713701387073
Spain,Russia,ESP,RUS,0,0.0235623009502888,0,0.25,1.94586646556854,0.102731950581074,0.920486629009247,0.120379477739334,0.121212609112263,0,0,0,"3449,3","3449,3","4180,506","3901,271",0,505954,46736782,17075400,145872260,1779170276409.99,1572012697558.03,87373,16871,16873,16239,19141,0,11354,-0.5389715611978326,-0.3162277660168379
Spain,Singapore,ESP,SGP,0,0.191699996590614,0,0.0599999986588955,0.46700793504715,0.0918117761611938,0.822641015052795,0.107583418488503,0.108327984809875,0,0,0,"11400,13","11400,13","11336,64","11326,67",0,505954,46736782,646,5804343,338646194792.894,1572012697558.03,521,175,175,103,168,292,356,-0.5055804614573847,-0.9871673987372203
Spain,South Korea,ESP,KOR,0,0,0,0,0,0,0,0,0,0,0,0,"10012,64","10012,64","10101,71","10087,7",0,505954,46736782,99484,51225321,1482760164322.84,1572012697558.03,4340,1465,1465,858,1665,1742,2252,0.09412088462140626,-0.36836436810895234
Spain,Turkey,ESP,TUR,0,0.0573492012917995,0,0,0,0.10965658724308,0.9825319647789,0.128493651747704,0.129382938146591,0,0,0,"2740,029","3087,75","2966,328","2888,477",0,505954,46736782,780576,83429607,1261946143648.6,1572012697558.03,4112,1387,1387,813,1043,704,2790,-0.9813175162939523,0.02127178149057594
Spain,United States,ESP,USA,0,0.377876162528992,0.133500009775162,0.212500005960464,1.6539865732193,0.110946655273438,0.994091093540192,0.246149629354477,0.246929258108139,0,0,1,"5770,264","6092,003","7437,157","7176,146",1,505954,46736782,9529106,329064917,18349108235210.1,1572012697558.03,48225,14821,23873,8665,72146,12129,42697,0.9982928872820592,0.4090559040929092
Turkey,Argentina,TUR,ARG,0,0.0015999999595806,0,0,0,0.10965658724308,0.9825319647789,0.128493651747704,0.129382938146591,0,0,0,"12268,67","12502,27","12474,38","12462,04",0,780576,83429607,2766889,44780675,437813398163.194,1261946143648.6,189,52,52,28,62,342,459,0.0832160543605939,-0.5873026842494955
Turkey,Australia,TUR,AUS,0,0.165150538086891,9.99999974737875e-5,0,0,0.0668753162026405,0.599208295345306,0.0784554779529572,0.0789977610111237,0,0,0,"14960,31","14512,6","14180,88","14112,3",0,780576,83429607,7686848,25203200,1450499018770.09,1261946143648.6,3984,1146,1146,592,1271,8550,14357,-0.9413516276952731,0.7462233548530403
Turkey,Brazil,TUR,BRA,0,3.9999998989515e-4,0,0,0,0.0899259746074677,0.805744051933289,0.105373665690422,0.10610294342041,0,0,0,"10590,76","10374,6","10224,84","10152,14",0,780576,83429607,8511920,211049519,2364445788869.69,1261946143648.6,465,133,133,69,142,131,317,0.7012284535620052,-0.9323112927202332
Turkey,Chile,TUR,CHL,0,0,0,0,0,0.10965658724308,0.9825319647789,0.128493651747704,0.129382938146591,0,0,0,"13118,55","13383,32","13298,76","13284,23",0,780576,83429607,756945,18952035,285037020831.58,1261946143648.6,58,15,15,9,1765,1829,1614,-0.22352127333952998,-0.801185375929871
Turkey,France,TUR,FRA,0,0.0740615651011467,9.99999974737875e-5,0,0,0.112122938036919,1.0046306848526,0.131470531225204,0.132379740476608,0,0,0,"2255,81","2600,656","2477,965","2413,325",0,780576,83429607,547026,65129731,2971919320115.83,1261946143648.6,21690,6243,6243,3223,6833,7753,47815,-0.9679380576143626,-0.12033136751923736
Turkey,Great Britain,TUR,GBR,0,0.173290193080902,0,0,0,0.0668753162026405,0.599208295345306,0.0783633142709732,0.0789056494832039,0,0,0,"2501,886","2838,027","2915,583","2874,079",0,780576,83429607,244110,67530161,2913556871434.81,1261946143648.6,25680,7392,7392,3816,9909,11252,24701,-0.9162496525322094,0.2631174057921088
Turkey,Indonesia,TUR,IDN,0,0,0,0,0,0.0622272603213787,0.557561337947845,0.0729168057441711,0.073421448469162,0,0,0,"9452,761","9102,793","9213,941","9163,361",0,780576,83429607,1933658,270625567,1204457195676.25,1261946143648.6,242,68,68,36,73,323,373,0.9206311677667118,0.13099835149964367
Turkey,Japan,TUR,JPN,0,0.0203999988734722,0,0,0,0.0818630009889603,0.73349916934967,0.0959256142377853,0.0965895056724548,0,0,0,"8958,844","8777,496","8718,032","8707,608",0,780576,83429607,377801,126860299,6187013947904.92,1261946143648.6,2715,780,780,404,827,1039,1286,-0.9574439304825344,0.7612432304867113
Turkey,Malaysia,TUR,MYS,0,0.0459000021219254,0,0,0,0.077625647187233,0.695532143115997,0.0909603610634804,0.0915898829698563,0,0,0,"8344,665","7997,892","8232,465","8195,544",0,780576,83429607,329758,31949789,398946603155.68,1261946143648.6,356,102,102,53,107,201,225,0.7301259912224927,-0.0549408160116321
Turkey,Mexico,TUR,MEX,0,0.008500000461936,0,0,0,0.10965658724308,0.9825319647789,0.128493651747704,0.129382938146591,0,0,0,"11437,28","11765,04","11613,61","11599,86",0,780576,83429607,1967210,127575529,1309881765941.94,1261946143648.6,206,57,57,31,0,82,152,0.3402273671741801,-0.8959935843890054
Turkey,Russia,TUR,RUS,0,0.0188109986484051,0,0,0,0.112692065536976,1.00973010063171,0.132050573825836,0.132964476943016,0,0,0,"1757,71","1796,546","2422,068","2099,337",0,780576,83429607,17075400,145872260,1779170276409.99,1261946143648.6,26967,7762,7769,4007,7888,589,5152,0.36684310463947406,0.9417419115948373
Turkey,Singapore,TUR,SGP,0,0.120699994266033,0,0,0,0.0702636763453484,0.62956827878952,0.0823337361216545,0.0829035490751266,0,0,0,"8660,153","8313,423","8384,91","8369,075",0,780576,83429607,646,5804343,338646194792.894,1261946143648.6,266,75,75,40,68,133,152,0.3301402927962431,-0.1806515203283326
Turkey,South Korea,TUR,KOR,0,0,0,0,0,0,0,0,0,0,0,0,"7967,701","7759,101","7937,728","7927,248",0,780576,83429607,99484,51225321,1482760164322.84,1261946143648.6,692,197,197,103,212,305,362,-0.28390363713195255,0.9216353751380653
Turkey,Spain,TUR,ESP,0,0.0573492012917995,0,0,0,0.10965658724308,0.9825319647789,0.128493651747704,0.129382938146591,0,0,0,"2740,029","3087,75","2966,328","2888,477",0,780576,83429607,505954,46736782,1572012697558.03,1261946143648.6,1640,471,471,244,3375,9121,10557,-0.9813175162939523,0.02127178149057594
Turkey,United States,TUR,USA,0,0.164287835359573,0,0,0,0.0732925087213516,0.656706869602203,0.0858828648924828,0.086477242410183,0,0,0,"8070,75","8732,645","9705,772","9558,768",0,780576,83429607,9529106,329064917,18349108235210.1,1261946143648.6,18435,5305,271544,2739,13996,12530,61425,-0.9684051767561311,-0.9036015032728714
United States,Argentina,USA,ARG,0,0.159409925341606,0.144000008702278,0.212500005960464,1.6539865732193,0.110946655273438,0.994091093540192,0.255284577608109,0.256054759025574,0,0,1,"8542,694","8403,226","8678,352","8608,022",0,9529106,329064917,2766889,44780675,437813398163.194,18349108235210.1,215239,20134,20134,40838,29211,54740,79394,0.16793023128625334,0.8773995679666771
United States,Australia,USA,AUS,1,0.931420207023621,0.574000000953674,0.0375000238418579,0.291880160570145,0.0195788145065308,0.175427779555321,0.639484822750092,0.636989712715149,0,1,1,"16008,79","15961,95","14802,03","14589,17",0,9529106,329064917,7686848,25203200,1450499018770.09,18349108235210.1,96426,14153,14153,18295,19468,38229,70851,0.9957580800128044,-0.3891218042214124
United States,Brazil,USA,BRA,0,0.00989712029695511,0,0.325000017881393,2.5296266078949,0.146224617958069,1.31018447875977,0.171343415975571,0.172529265284538,0,0,0,"7694,307","6794,436","8088,514","7887,2",0,9529106,329064917,8511920,211049519,2364445788869.69,18349108235210.1,459876,156145,156145,74043,171472,153909,203244,-0.5012796534678803,0.9973622796894392
United States,Chile,USA,CHL,0,0.158399999141693,0.133500009775162,0.212500005960464,1.6539865732193,0.110946655273438,0.994091093540192,0.246149629354477,0.246929258108139,0,0,1,"8271,045","8080,885","8338,667","8267,963",0,9529106,329064917,756945,18952035,285037020831.58,18349108235210.1,115243,0,0,21865,22,20045,33846,-0.026613302527954377,0.9802982949711587
United States,France,USA,FRA,0,0.367260664701462,0.00150000001303852,0.287500023841858,2.23774671554565,0.158475622534752,1.41995453834534,0.186920389533043,0.188203647732735,0,0,0,"5838,157","6169,154","7456,767","7227,043",1,9529106,329064917,547026,65129731,2971919320115.83,18349108235210.1,189395,0,0,35561,50,25269,57299,0.9999982583797947,0.5339929913879817
United States,Great Britain,USA,GBR,1,0.951282858848572,0.754400014877319,0.0375000238418579,0.291880160570145,0.0195788145065308,0.175427779555321,0.792153716087341,0.790715217590332,0,1,1,"5570,161","5901,343","6878,493","6655,415",1,9529106,329064917,244110,67530161,2913556871434.81,18349108235210.1,716260,0,19190,140038,24658,66393,178383,0.9872052956087577,0.17552649812318832
United States,Indonesia,USA,IDN,0,0,0,0,0,0.0675962790846825,0.605668187141418,0.0792081281542778,0.0797563120722771,0,0,0,"16180,32","16371,12","15535,87","15476,45",0,9529106,329064917,1933658,270625567,1204457195676.25,18349108235210.1,112873,1095,1095,21416,5642,27882,41222,-0.7941768975845136,-0.5430528768535261
United States,Japan,USA,JPN,0,0.115199998021126,0,0,0,0.0611411109566689,0.547829329967499,0.0716440677642822,0.0721399039030075,0,0,0,"10855,59","10918,79","10286,19","10193,96",0,9529106,329064917,377801,126860299,6187013947904.92,18349108235210.1,351166,0,0,68796,0,39228,87457,0.8552171736228645,-0.9656467267020753
United States,Malaysia,USA,MYS,0,0.259200006723404,0.00820000004023314,0,0,0.0655418783426285,0.587260544300079,0.0843710452318192,0.0848982110619545,0,0,0,"15130,12","15357,34","14859,51","14818,76",0,9529106,329064917,329758,31949789,398946603155.68,18349108235210.1,77647,2044,2044,14732,4902,23115,31306,-0.8774636826300516,-0.3780824313523532
United States,Mexico,USA,MEX,0,0.198796808719635,0.138000011444092,0.212500005960464,1.6539865732193,0.110946655273438,0.994091093540192,0.250064611434937,0.250840187072754,1,0,1,"3369,053","3037,916","2468,405","1623,72",0,9529106,329064917,1967210,127575529,1309881765941.94,18349108235210.1,11489684,0,0,2385616,0,366387,1740516,-0.09497321532102554,0.9998479254487966
United States,Russia,USA,RUS,0,0.0482856035232544,0,0.25,1.94586646556854,0.145304515957832,1.3019403219223,0.170265257358551,0.17144364118576,0,0,0,"7517,972","7834,547","8915,321","8795,135",0,9529106,329064917,17075400,145872260,1779170276409.99,18349108235210.1,411537,10532,10537,79197,23311,1,49978,-0.5872486124751075,-0.9950371902099892
United States,Singapore,USA,SGP,1,0.681599974632263,0.114799998700619,0.00900000333786011,0.0700512155890465,0.0406118184328079,0.363885194063187,0.27268984913826,0.267656236886978,0,1,1,"15350,5","15564,31","15122,62","15087,26",0,9529106,329064917,646,5804343,338646194792.894,18349108235210.1,39018,0,0,7403,0,3194,10436,-0.5551092477806766,-0.2580890936895328
United States,South Korea,USA,KOR,0,0,0,0,0,0,0,0,0,0,0,1,"11065,7","11185,97","10682,86","10624,66",0,9529106,329064917,99484,51225321,1482760164322.84,18349108235210.1,1083794,0,0,217189,28566,155119,280638,0.03581305771215517,-0.9990246576361957
United States,Spain,USA,ESP,0,0.377876162528992,0.133500009775162,0.212500005960464,1.6539865732193,0.110946655273438,0.994091093540192,0.246149629354477,0.246929258108139,0,0,1,"5770,264","6092,003","7437,157","7176,146",1,9529106,329064917,505954,46736782,1572012697558.03,18349108235210.1,120608,0,0,22883,2,11857,41769,0.9982928872820592,0.4090559040929092
United States,Turkey,USA,TUR,0,0.164287835359573,0,0,0,0.0732925087213516,0.656706869602203,0.0858828648924828,0.086477242410183,0,0,0,"8070,75","8732,645","9705,772","9558,768",0,9529106,329064917,780576,83429607,1261946143648.6,18349108235210.1,409480,0,0,77691,218,220,18996,-0.9684051767561311,-0.9036015032728714
